entry_time,equity_r,peak_r,drawdown_r
2023-01-06 13:30:00,2.0,2.0,0.0
2023-01-13 13:15:00,4.0,4.0,0.0
2023-02-02 12:15:00,6.0,6.0,0.0
2023-02-03 12:15:00,8.0,8.0,0.0
2023-02-15 04:15:00,10.0,10.0,0.0
2023-03-07 09:15:00,12.0,12.0,0.0
2023-03-07 13:00:00,14.0,14.0,0.0
2023-03-07 13:45:00,16.0,16.0,0.0
2023-03-07 15:00:00,18.0,18.0,0.0
2023-03-15 09:30:00,20.0,20.0,0.0
2023-03-17 08:15:00,22.0,22.0,0.0
2023-03-17 11:45:00,24.0,24.0,0.0
2023-03-21 08:15:00,23.0,24.0,-1.0
2023-03-21 10:00:00,25.0,25.0,0.0
2023-03-27 08:15:00,27.0,27.0,0.0
2023-04-03 08:30:00,29.0,29.0,0.0
2023-04-10 00:15:00,31.0,31.0,0.0
2023-05-02 13:45:00,33.0,33.0,0.0
2023-05-09 15:15:00,35.0,35.0,0.0
2023-05-16 13:15:00,37.0,37.0,0.0
2023-05-24 13:15:00,39.0,39.0,0.0
2023-06-02 13:15:00,41.0,41.0,0.0
2023-06-13 13:15:00,43.0,43.0,0.0
2023-09-18 15:00:00,44.69927788651862,44.69927788651862,0.0
2023-09-29 13:45:00,46.69927788651862,46.69927788651862,0.0
2023-10-09 16:15:00,48.69927788651862,48.69927788651862,0.0
2023-10-19 14:30:00,50.69927788651862,50.69927788651862,0.0
2023-10-27 15:15:00,52.69927788651862,52.69927788651862,0.0
2023-10-30 01:30:00,54.69927788651862,54.69927788651862,0.0
2023-10-31 15:00:00,56.69927788651862,56.69927788651862,0.0
2023-11-20 16:30:00,57.920735062389575,57.920735062389575,0.0
2023-11-27 16:45:00,59.15240661664176,59.15240661664176,0.0
2023-11-28 14:45:00,61.15240661664176,61.15240661664176,0.0
2023-12-01 14:30:00,63.15240661664176,63.15240661664176,0.0
2023-12-01 15:30:00,65.15240661664177,65.15240661664177,0.0
2023-12-04 00:15:00,66.5379618240515,66.5379618240515,0.0
2023-12-04 06:30:00,68.5379618240515,68.5379618240515,0.0
2023-12-04 10:00:00,70.5379618240515,70.5379618240515,0.0
2023-12-04 15:00:00,72.5379618240515,72.5379618240515,0.0
2023-12-11 00:15:00,74.5379618240515,74.5379618240515,0.0
2023-12-13 16:15:00,76.5379618240515,76.5379618240515,0.0
2023-12-18 15:15:00,78.5379618240515,78.5379618240515,0.0
2023-12-21 15:15:00,79.26519940846299,79.26519940846299,0.0
2024-01-08 01:30:00,81.26519940846299,81.26519940846299,0.0
2024-01-08 03:30:00,83.26519940846299,83.26519940846299,0.0
2024-01-08 06:15:00,85.26519940846299,85.26519940846299,0.0
2024-01-17 13:15:00,87.26519940846299,87.26519940846299,0.0
2024-01-18 14:15:00,89.26519940846299,89.26519940846299,0.0
2024-01-23 17:15:00,89.92073326083859,89.92073326083859,0.0
2024-01-24 14:15:00,91.92073326083859,91.92073326083859,0.0
2024-01-29 00:15:00,93.33068282525858,93.33068282525858,0.0
2024-02-05 04:15:00,95.33068282525858,95.33068282525858,0.0
2024-02-23 15:15:00,97.33068282525858,97.33068282525858,0.0
2024-03-04 14:15:00,99.33068282525858,99.33068282525858,0.0
2024-03-04 15:15:00,101.33068282525858,101.33068282525858,0.0
2024-03-06 15:15:00,101.80366024506833,101.80366024506833,0.0
2024-03-07 15:30:00,102.53403301265799,102.53403301265799,0.0
2024-03-13 14:15:00,104.53403301265799,104.53403301265799,0.0
2024-03-15 15:15:00,105.6046058929079,105.6046058929079,0.0
2024-03-18 04:15:00,107.6046058929079,107.6046058929079,0.0
2024-03-20 15:15:00,109.6046058929079,109.6046058929079,0.0
2024-03-21 12:15:00,111.6046058929079,111.6046058929079,0.0
2024-03-21 14:00:00,113.6046058929079,113.6046058929079,0.0
2024-03-28 14:15:00,115.6046058929079,115.6046058929079,0.0
2024-04-02 15:15:00,114.6046058929079,115.6046058929079,-1.0
2024-04-02 16:00:00,116.6046058929079,116.6046058929079,0.0
2024-04-03 13:15:00,118.6046058929079,118.6046058929079,0.0
2024-04-03 15:45:00,120.6046058929079,120.6046058929079,0.0
2024-04-05 13:15:00,122.6046058929079,122.6046058929079,0.0
2024-04-08 00:15:00,124.6046058929079,124.6046058929079,0.0
2024-04-10 14:45:00,125.69894927012432,125.69894927012432,0.0
2024-04-11 14:30:00,127.69894927012432,127.69894927012432,0.0
2024-04-11 17:30:00,129.69894927012433,129.69894927012433,0.0
2024-04-12 16:15:00,131.69894927012433,131.69894927012433,0.0
2024-04-15 14:15:00,133.69894927012433,133.69894927012433,0.0
2024-04-17 14:15:00,132.69894927012433,133.69894927012433,-1.0
2024-04-17 15:00:00,134.69894927012433,134.69894927012433,0.0
2024-04-22 00:15:00,136.69894927012433,136.69894927012433,0.0
2024-04-22 03:45:00,138.69894927012433,138.69894927012433,0.0
2024-04-22 08:15:00,140.69894927012433,140.69894927012433,0.0
2024-04-22 13:15:00,141.7160963506861,141.7160963506861,0.0
2024-04-25 04:15:00,143.7160963506861,143.7160963506861,0.0
2024-04-29 16:15:00,144.76012056625055,144.76012056625055,0.0
2024-04-30 04:15:00,146.76012056625055,146.76012056625055,0.0
2024-04-30 07:45:00,148.76012056625055,148.76012056625055,0.0
2024-04-30 13:45:00,150.76012056625055,150.76012056625055,0.0
2024-04-30 15:00:00,151.49754526293023,151.49754526293023,0.0
2024-05-01 10:15:00,153.49754526293023,153.49754526293023,0.0
2024-05-01 14:45:00,155.49754526293023,155.49754526293023,0.0
2024-05-06 01:00:00,157.49754526293023,157.49754526293023,0.0
2024-05-06 01:30:00,158.88039914011242,158.88039914011242,0.0
2024-05-09 13:15:00,160.88039914011242,160.88039914011242,0.0
2024-05-09 14:30:00,161.78472904196167,161.78472904196167,0.0
2024-05-13 13:15:00,163.78472904196167,163.78472904196167,0.0
2024-05-14 14:15:00,164.51584225035685,164.51584225035685,0.0
2024-05-15 14:15:00,166.51584225035685,166.51584225035685,0.0
2024-05-15 15:45:00,166.92989000275793,166.92989000275793,0.0
2024-05-22 13:15:00,168.92989000275793,168.92989000275793,0.0
2024-05-22 14:30:00,167.92989000275793,168.92989000275793,-1.0
2024-05-22 15:30:00,168.49905498723842,168.92989000275793,-0.43083501551950576
2024-05-23 04:15:00,170.49905498723842,170.49905498723842,0.0
2024-05-23 13:15:00,172.49905498723842,172.49905498723842,0.0
2024-05-23 14:15:00,174.49905498723842,174.49905498723842,0.0
2024-05-29 14:15:00,175.23795736601343,175.23795736601343,0.0
2024-05-31 13:15:00,177.23795736601343,177.23795736601343,0.0
2024-05-31 14:15:00,176.23795736601343,177.23795736601343,-1.0
2024-05-31 14:45:00,176.92786618920243,177.23795736601343,-0.3100911768109995
2024-06-05 14:15:00,178.92786618920243,178.92786618920243,0.0
2024-06-05 15:00:00,179.54000715208818,179.54000715208818,0.0
2024-06-06 13:15:00,181.54000715208818,181.54000715208818,0.0
2024-06-06 14:00:00,183.54000715208818,183.54000715208818,0.0
2024-06-07 08:15:00,185.54000715208818,185.54000715208818,0.0
2024-06-07 10:45:00,187.54000715208818,187.54000715208818,0.0
2024-06-07 13:15:00,186.54000715208818,187.54000715208818,-1.0
2024-06-07 13:45:00,188.54000715208818,188.54000715208818,0.0
2024-06-10 10:30:00,190.54000715208818,190.54000715208818,0.0
2024-06-13 13:15:00,192.54000715208818,192.54000715208818,0.0
2024-06-20 13:15:00,194.54000715208818,194.54000715208818,0.0
2024-06-21 13:15:00,196.54000715208818,196.54000715208818,0.0
2024-06-21 13:45:00,198.54000715208818,198.54000715208818,0.0
2024-06-21 14:15:00,200.54000715208818,200.54000715208818,0.0
2024-06-25 14:30:00,201.3811357550238,201.3811357550238,0.0
2024-06-27 08:15:00,203.3811357550238,203.3811357550238,0.0
2024-06-27 09:45:00,205.3811357550238,205.3811357550238,0.0
2024-07-05 13:15:00,207.26712435388376,207.26712435388376,0.0
2024-07-08 14:15:00,209.26712435388376,209.26712435388376,0.0
2024-07-16 13:15:00,211.26712435388376,211.26712435388376,0.0
2024-07-16 14:15:00,213.26712435388376,213.26712435388376,0.0
2024-07-16 16:00:00,213.7669391980884,213.7669391980884,0.0
2024-07-18 15:15:00,215.7669391980884,215.7669391980884,0.0
2024-07-18 17:45:00,217.7669391980884,217.7669391980884,0.0
2024-07-19 02:00:00,218.86237704375978,218.86237704375978,0.0
2024-07-19 08:15:00,220.86237704375978,220.86237704375978,0.0
2024-07-24 14:45:00,222.86237704375978,222.86237704375978,0.0
2024-07-25 13:15:00,224.86237704375978,224.86237704375978,0.0
2024-07-29 13:15:00,226.86237704375978,226.86237704375978,0.0
2024-07-30 15:30:00,228.86237704375978,228.86237704375978,0.0
2024-07-31 14:30:00,230.86237704375978,230.86237704375978,0.0
2024-08-05 04:15:00,232.86237704375978,232.86237704375978,0.0
2024-08-05 08:15:00,234.86237704375978,234.86237704375978,0.0
2024-08-05 11:30:00,236.86237704375978,236.86237704375978,0.0
2024-08-06 10:15:00,238.86237704375978,238.86237704375978,0.0
2024-08-06 14:15:00,239.70785435205403,239.70785435205403,0.0
2024-08-12 14:15:00,238.70785435205403,239.70785435205403,-1.0
2024-08-12 14:45:00,240.70785435205403,240.70785435205403,0.0
2024-08-14 13:15:00,242.70785435205403,242.70785435205403,0.0
2024-08-14 13:45:00,244.70785435205403,244.70785435205403,0.0
2024-08-26 13:15:00,246.70785435205403,246.70785435205403,0.0
2024-08-27 15:15:00,245.70785435205403,246.70785435205403,-1.0
2024-08-30 13:15:00,247.70785435205403,247.70785435205403,0.0
2024-09-06 15:15:00,249.70785435205403,249.70785435205403,0.0
2024-09-09 14:45:00,251.70785435205403,251.70785435205403,0.0
2024-09-10 14:15:00,253.70785435205403,253.70785435205403,0.0
2024-09-12 13:15:00,252.70785435205403,253.70785435205403,-1.0
2024-09-12 13:45:00,253.55490820409952,253.70785435205403,-0.15294614795450912
2024-09-20 14:15:00,255.55490820409952,255.55490820409952,0.0
2024-09-24 13:15:00,257.55490820409955,257.55490820409955,0.0
2024-09-24 15:15:00,256.55490820409955,257.55490820409955,-1.0
2024-09-24 16:30:00,258.55490820409955,258.55490820409955,0.0
2024-09-27 13:15:00,260.55490820409955,260.55490820409955,0.0
2024-10-08 12:15:00,262.55490820409955,262.55490820409955,0.0
2024-10-08 13:00:00,264.55490820409955,264.55490820409955,0.0
2024-10-10 15:15:00,264.87162154770556,264.87162154770556,0.0
2024-10-11 13:15:00,266.87162154770556,266.87162154770556,0.0
2024-10-15 14:00:00,268.87162154770556,268.87162154770556,0.0
2024-10-17 13:15:00,270.87162154770556,270.87162154770556,0.0
2024-10-18 13:15:00,272.87162154770556,272.87162154770556,0.0
2024-10-18 14:45:00,273.09278096799534,273.09278096799534,0.0
2024-10-21 13:15:00,275.09278096799534,275.09278096799534,0.0
2024-10-22 14:15:00,277.09278096799534,277.09278096799534,0.0
2024-10-23 13:15:00,279.09278096799534,279.09278096799534,0.0
2024-10-25 13:15:00,281.09278096799534,281.09278096799534,0.0
2024-10-29 13:15:00,283.09278096799534,283.09278096799534,0.0
2024-10-29 14:45:00,282.09278096799534,283.09278096799534,-1.0
2024-10-29 15:45:00,283.3646318647683,283.3646318647683,0.0
2024-10-31 12:15:00,285.3646318647683,285.3646318647683,0.0
2024-11-01 14:15:00,287.3646318647683,287.3646318647683,0.0
2024-11-01 15:00:00,288.3342172817353,288.3342172817353,0.0
2024-11-04 14:15:00,290.3342172817353,290.3342172817353,0.0
2024-11-06 04:45:00,292.3342172817353,292.3342172817353,0.0
2024-11-06 08:15:00,294.3342172817353,294.3342172817353,0.0
2024-11-06 12:15:00,296.3342172817353,296.3342172817353,0.0
2024-11-06 15:15:00,296.4576489534884,296.4576489534884,0.0
2024-11-07 12:15:00,298.4576489534884,298.4576489534884,0.0
2024-11-08 14:15:00,300.4576489534884,300.4576489534884,0.0
2024-11-08 15:30:00,301.09090988401096,301.09090988401096,0.0
2024-11-11 00:15:00,303.09090988401096,303.09090988401096,0.0
2024-11-11 01:45:00,305.09090988401096,305.09090988401096,0.0
2024-11-11 12:15:00,307.09090988401096,307.09090988401096,0.0
2024-11-11 14:00:00,309.09090988401096,309.09090988401096,0.0
2024-11-12 04:15:00,311.09090988401096,311.09090988401096,0.0
2024-11-12 06:00:00,313.09090988401096,313.09090988401096,0.0
2024-11-13 14:15:00,315.09090988401096,315.09090988401096,0.0
2024-11-13 15:45:00,317.09090988401096,317.09090988401096,0.0
2024-11-18 08:15:00,319.09090988401096,319.09090988401096,0.0
2024-11-18 10:15:00,321.09090988401096,321.09090988401096,0.0
2024-11-18 14:15:00,321.3818181054082,321.3818181054082,0.0
2024-11-20 13:15:00,323.3818181054082,323.3818181054082,0.0
2024-11-20 15:00:00,324.0424123168731,324.0424123168731,0.0
2024-11-25 00:15:00,326.0424123168731,326.0424123168731,0.0
2024-11-25 01:30:00,328.0424123168731,328.0424123168731,0.0
2024-11-25 13:15:00,330.0424123168731,330.0424123168731,0.0
2024-11-25 14:30:00,332.0424123168731,332.0424123168731,0.0
2024-12-05 14:15:00,334.0424123168731,334.0424123168731,0.0
2024-12-09 04:15:00,336.0424123168731,336.0424123168731,0.0
2024-12-10 13:15:00,338.0424123168731,338.0424123168731,0.0
2024-12-10 15:00:00,338.31470625236597,338.31470625236597,0.0
2024-12-12 12:15:00,340.31470625236597,340.31470625236597,0.0
2024-12-12 14:15:00,341.2817549491114,341.2817549491114,0.0
2024-12-13 08:15:00,343.2817549491114,343.2817549491114,0.0
2024-12-13 09:30:00,345.2817549491114,345.2817549491114,0.0
2024-12-13 14:15:00,347.1562125986115,347.1562125986115,0.0
2024-12-18 14:15:00,349.1562125986115,349.1562125986115,0.0
2024-12-30 13:30:00,351.1562125986115,351.1562125986115,0.0
2024-12-31 13:15:00,353.1562125986115,353.1562125986115,0.0
2024-12-31 14:00:00,355.1562125986115,355.1562125986115,0.0
2025-01-02 13:15:00,357.1562125986115,357.1562125986115,0.0
2025-01-02 15:15:00,358.63466430541837,358.63466430541837,0.0
2025-01-03 13:15:00,360.63466430541837,360.63466430541837,0.0
2025-01-03 14:00:00,362.3913157822116,362.3913157822116,0.0
2025-01-13 09:45:00,364.3913157822116,364.3913157822116,0.0
2025-01-14 14:15:00,366.3913157822116,366.3913157822116,0.0
2025-01-15 14:45:00,368.22089801557024,368.22089801557024,0.0
2025-01-17 15:30:00,370.22089801557024,370.22089801557024,0.0
2025-01-20 16:15:00,371.9930035541007,371.9930035541007,0.0
2025-01-21 13:15:00,370.9930035541007,371.9930035541007,-1.0
2025-01-21 14:15:00,372.9930035541007,372.9930035541007,0.0
2025-01-21 15:30:00,374.0854679010155,374.0854679010155,0.0
2025-01-27 12:15:00,376.0854679010155,376.0854679010155,0.0
2025-01-27 14:45:00,378.0854679010155,378.0854679010155,0.0
2025-01-28 13:15:00,380.0854679010155,380.0854679010155,0.0
2025-01-28 14:45:00,382.0854679010155,382.0854679010155,0.0
2025-01-30 15:15:00,383.0246029855686,383.0246029855686,0.0
2025-02-03 02:30:00,385.0246029855686,385.0246029855686,0.0
2025-02-10 00:15:00,387.0246029855686,387.0246029855686,0.0
2025-02-10 01:30:00,389.0246029855686,389.0246029855686,0.0
2025-02-10 06:15:00,391.0246029855686,391.0246029855686,0.0
2025-02-10 07:15:00,393.0246029855686,393.0246029855686,0.0
2025-02-10 17:15:00,395.0246029855686,395.0246029855686,0.0
2025-02-11 08:15:00,397.0246029855686,397.0246029855686,0.0
2025-02-13 14:15:00,399.0246029855686,399.0246029855686,0.0
2025-02-14 14:30:00,401.0246029855686,401.0246029855686,0.0
2025-02-14 15:45:00,403.0246029855686,403.0246029855686,0.0
2025-02-17 00:15:00,405.0246029855686,405.0246029855686,0.0
2025-02-18 13:15:00,407.0246029855686,407.0246029855686,0.0
2025-02-18 15:00:00,407.79935113869146,407.79935113869146,0.0
2025-02-27 04:15:00,409.79935113869146,409.79935113869146,0.0
2025-02-27 13:15:00,408.79935113869146,409.79935113869146,-1.0
2025-02-27 13:45:00,410.79935113869146,410.79935113869146,0.0
2025-03-03 13:15:00,409.79935113869146,410.79935113869146,-1.0
2025-03-03 13:45:00,411.79935113869146,411.79935113869146,0.0
2025-03-10 14:15:00,413.79935113869146,413.79935113869146,0.0
2025-03-12 13:30:00,415.79935113869146,415.79935113869146,0.0
2025-03-12 15:30:00,417.79935113869146,417.79935113869146,0.0
2025-03-13 13:15:00,419.79935113869146,419.79935113869146,0.0
2025-03-13 15:00:00,421.79935113869146,421.79935113869146,0.0
2025-03-18 14:15:00,422.7858061422132,422.7858061422132,0.0
2025-03-19 14:15:00,424.7858061422132,424.7858061422132,0.0
2025-03-24 13:15:00,426.7858061422132,426.7858061422132,0.0
2025-03-27 16:15:00,426.9316647420722,426.9316647420722,0.0
2025-03-31 01:15:00,428.9316647420722,428.9316647420722,0.0
2025-03-31 02:00:00,430.9316647420722,430.9316647420722,0.0
2025-03-31 03:30:00,432.01625808133497,432.01625808133497,0.0
2025-03-31 15:30:00,432.0964921077417,432.0964921077417,0.0
2025-04-01 13:15:00,434.0964921077417,434.0964921077417,0.0
2025-04-03 00:15:00,435.03569132398513,435.03569132398513,0.0
2025-04-03 06:45:00,437.03569132398513,437.03569132398513,0.0
2025-04-03 10:45:00,439.03569132398513,439.03569132398513,0.0
2025-04-04 12:15:00,441.03569132398513,441.03569132398513,0.0
2025-04-04 14:30:00,441.35362468602466,441.35362468602466,0.0
2025-04-07 14:15:00,443.35362468602466,443.35362468602466,0.0
2025-04-09 00:15:00,445.35362468602466,445.35362468602466,0.0
2025-04-09 02:00:00,447.35362468602466,447.35362468602466,0.0
2025-04-09 07:15:00,449.35362468602466,449.35362468602466,0.0
2025-04-10 08:15:00,451.35362468602466,451.35362468602466,0.0
2025-04-10 13:15:00,453.35362468602466,453.35362468602466,0.0
2025-04-10 14:45:00,454.6545300909071,454.6545300909071,0.0
2025-04-11 09:00:00,455.38563685019227,455.38563685019227,0.0
2025-04-14 02:15:00,457.38563685019227,457.38563685019227,0.0
2025-04-15 14:15:00,458.4862400803927,458.4862400803927,0.0
2025-04-15 20:30:00,460.4862400803927,460.4862400803927,0.0
2025-04-16 02:15:00,462.4862400803927,462.4862400803927,0.0
2025-04-16 13:15:00,461.4862400803927,462.4862400803927,-1.0
2025-04-16 14:00:00,463.4862400803927,463.4862400803927,0.0
2025-04-17 04:15:00,465.4862400803927,465.4862400803927,0.0
2025-04-21 00:15:00,467.4862400803927,467.4862400803927,0.0
2025-04-21 01:30:00,469.3137097508493,469.3137097508493,0.0
2025-04-22 08:15:00,471.3137097508493,471.3137097508493,0.0
2025-04-22 13:15:00,473.3137097508493,473.3137097508493,0.0
2025-04-23 01:00:00,475.3137097508493,475.3137097508493,0.0
2025-04-25 00:15:00,477.3137097508493,477.3137097508493,0.0
2025-04-25 04:15:00,479.3137097508493,479.3137097508493,0.0
2025-04-30 13:15:00,479.46823684601475,479.46823684601475,0.0
2025-05-01 00:15:00,481.46823684601475,481.46823684601475,0.0
2025-05-01 00:45:00,482.1083337234805,482.1083337234805,0.0
2025-05-01 08:15:00,484.1083337234805,484.1083337234805,0.0
2025-05-05 00:30:00,486.1083337234805,486.1083337234805,0.0
2025-05-05 04:15:00,488.1083337234805,488.1083337234805,0.0
2025-05-08 04:15:00,490.1083337234805,490.1083337234805,0.0
2025-05-08 13:15:00,492.1083337234805,492.1083337234805,0.0
2025-05-12 02:15:00,494.1083337234805,494.1083337234805,0.0
2025-05-14 08:15:00,496.1083337234805,496.1083337234805,0.0
2025-05-14 12:30:00,498.1083337234805,498.1083337234805,0.0
2025-05-14 13:30:00,498.9657275127238,498.9657275127238,0.0
2025-05-15 08:15:00,500.9657275127238,500.9657275127238,0.0
2025-05-20 08:15:00,502.9657275127238,502.9657275127238,0.0
2025-05-20 09:45:00,504.9657275127238,504.9657275127238,0.0
2025-05-21 13:15:00,503.9657275127238,504.9657275127238,-1.0
2025-05-21 14:15:00,505.9657275127238,505.9657275127238,0.0
2025-05-23 04:15:00,507.9657275127238,507.9657275127238,0.0
2025-05-27 04:15:00,509.9657275127238,509.9657275127238,0.0
2025-05-27 05:45:00,511.9657275127238,511.9657275127238,0.0
2025-05-27 07:15:00,513.9657275127238,513.9657275127238,0.0
2025-05-28 13:15:00,515.9657275127238,515.9657275127238,0.0
2025-05-29 02:15:00,517.0974784279124,517.0974784279124,0.0
2025-06-02 04:15:00,519.0974784279124,519.0974784279124,0.0
2025-06-02 06:15:00,521.0974784279124,521.0974784279124,0.0
2025-06-02 07:00:00,523.0974784279124,523.0974784279124,0.0
2025-06-02 13:15:00,525.0974784279124,525.0974784279124,0.0
2025-06-02 14:15:00,525.5342712316728,525.5342712316728,0.0
2025-06-03 00:15:00,527.5342712316728,527.5342712316728,0.0
2025-06-03 02:00:00,529.5342712316728,529.5342712316728,0.0
2025-06-04 13:15:00,528.5342712316728,529.5342712316728,-1.0
2025-06-05 12:15:00,530.5342712316728,530.5342712316728,0.0
2025-06-05 13:30:00,532.5342712316728,532.5342712316728,0.0
2025-06-06 13:15:00,534.5342712316728,534.5342712316728,0.0
2025-06-06 14:30:00,535.3885043459071,535.3885043459071,0.0
2025-06-12 08:15:00,537.3885043459071,537.3885043459071,0.0
2025-06-12 10:45:00,537.8016101510862,537.8016101510862,0.0
2025-06-16 00:15:00,539.8016101510862,539.8016101510862,0.0
2025-06-16 05:15:00,541.8016101510862,541.8016101510862,0.0
2025-06-16 06:45:00,542.3888615053127,542.3888615053127,0.0
2025-06-16 13:00:00,544.3888615053127,544.3888615053127,0.0
2025-06-17 00:45:00,546.3888615053127,546.3888615053127,0.0
2025-06-23 15:15:00,548.3888615053127,548.3888615053127,0.0
2025-06-24 04:15:00,550.3888615053127,550.3888615053127,0.0
2025-06-24 06:00:00,552.3888615053127,552.3888615053127,0.0
2025-06-25 13:15:00,554.3888615053127,554.3888615053127,0.0
2025-06-27 02:15:00,556.3888615053127,556.3888615053127,0.0
2025-06-27 07:30:00,558.3888615053127,558.3888615053127,0.0
2025-06-30 01:15:00,560.3888615053127,560.3888615053127,0.0
2025-06-30 13:15:00,562.3888615053127,562.3888615053127,0.0
2025-06-30 17:15:00,564.3888615053127,564.3888615053127,0.0
2025-07-08 12:15:00,566.3888615053127,566.3888615053127,0.0
2025-07-09 12:15:00,568.3888615053127,568.3888615053127,0.0
2025-07-14 13:15:00,567.3888615053127,568.3888615053127,-1.0
2025-07-15 13:15:00,569.3888615053127,569.3888615053127,0.0
2025-07-21 12:15:00,571.3888615053127,571.3888615053127,0.0
2025-07-21 13:00:00,573.3888615053127,573.3888615053127,0.0
2025-07-22 12:15:00,575.3888615053127,575.3888615053127,0.0
2025-07-22 13:00:00,577.3888615053127,577.3888615053127,0.0
2025-07-23 12:15:00,579.3888615053127,579.3888615053127,0.0
2025-07-23 14:00:00,578.3888615053127,579.3888615053127,-1.0
2025-07-23 14:30:00,580.3888615053127,580.3888615053127,0.0
2025-07-24 04:15:00,582.3888615053127,582.3888615053127,0.0
2025-07-28 12:30:00,584.3888615053127,584.3888615053127,0.0
2025-07-30 12:15:00,586.3888615053127,586.3888615053127,0.0
2025-07-30 13:15:00,588.3888615053127,588.3888615053127,0.0
2025-08-01 08:15:00,590.3888615053127,590.3888615053127,0.0
2025-08-01 11:15:00,592.3888615053127,592.3888615053127,0.0
2025-08-01 13:00:00,592.9318435778969,592.9318435778969,0.0
2025-08-05 12:15:00,594.9318435778969,594.9318435778969,0.0
2025-08-05 13:00:00,596.9318435778969,596.9318435778969,0.0
2025-08-07 14:30:00,598.6368995190779,598.6368995190779,0.0
2025-08-11 00:15:00,600.6368995190779,600.6368995190779,0.0
2025-08-11 01:45:00,602.6368995190779,602.6368995190779,0.0
2025-08-11 07:30:00,604.6368995190779,604.6368995190779,0.0
2025-08-14 13:15:00,606.6368995190779,606.6368995190779,0.0
2025-08-19 14:00:00,608.6368995190779,608.6368995190779,0.0
2025-08-22 13:15:00,610.6368995190779,610.6368995190779,0.0
2025-08-22 14:00:00,612.6368995190779,612.6368995190779,0.0
2025-08-26 14:15:00,614.6368995190779,614.6368995190779,0.0
2025-08-26 16:15:00,615.4195648718611,615.4195648718611,0.0
2025-08-29 12:15:00,617.4195648718611,617.4195648718611,0.0
2025-08-29 13:30:00,619.4195648718611,619.4195648718611,0.0
2025-09-02 13:15:00,621.4195648718611,621.4195648718611,0.0
2025-09-02 14:45:00,623.4195648718611,623.4195648718611,0.0
2025-09-08 04:15:00,625.4195648718611,625.4195648718611,0.0
2025-09-08 08:00:00,627.4195648718611,627.4195648718611,0.0
2025-09-15 12:15:00,629.4195648718611,629.4195648718611,0.0
2025-09-15 13:45:00,628.4195648718611,629.4195648718611,-1.0
2025-09-15 14:15:00,630.4195648718611,630.4195648718611,0.0
2025-09-18 13:15:00,632.4195648718611,632.4195648718611,0.0
2025-09-19 13:15:00,634.4195648718611,634.4195648718611,0.0
2025-09-19 15:45:00,636.4195648718611,636.4195648718611,0.0
2025-09-22 03:15:00,638.4195648718611,638.4195648718611,0.0
2025-09-22 13:45:00,640.4195648718611,640.4195648718611,0.0
2025-09-24 13:15:00,642.4195648718611,642.4195648718611,0.0
2025-09-29 00:15:00,644.4195648718611,644.4195648718611,0.0
2025-09-29 02:45:00,646.4195648718611,646.4195648718611,0.0
2025-09-29 14:15:00,646.6795667283542,646.6795667283542,0.0
2025-09-30 00:30:00,648.6795667283542,648.6795667283542,0.0
2025-09-30 02:00:00,650.6795667283542,650.6795667283542,0.0
2025-09-30 09:30:00,652.6795667283542,652.6795667283542,0.0
2025-09-30 15:15:00,654.1784159711076,654.1784159711076,0.0
2025-10-06 00:15:00,656.1784159711076,656.1784159711076,0.0
2025-10-06 02:30:00,658.1784159711076,658.1784159711076,0.0
2025-10-06 13:15:00,660.1784159711076,660.1784159711076,0.0
2025-10-06 15:00:00,660.5853227230768,660.5853227230768,0.0
2025-10-07 08:15:00,662.5853227230768,662.5853227230768,0.0
2025-10-13 00:15:00,664.5853227230768,664.5853227230768,0.0
2025-10-13 05:45:00,663.5853227230768,664.5853227230768,-1.0
2025-10-13 06:15:00,664.3402501184939,664.5853227230768,-0.24507260458290148
2025-10-13 12:45:00,666.3402501184939,666.3402501184939,0.0
2025-10-16 13:15:00,668.3402501184939,668.3402501184939,0.0
2025-10-17 00:15:00,670.3402501184939,670.3402501184939,0.0
2025-10-17 03:30:00,671.0394791367772,671.0394791367772,0.0
2025-10-17 09:45:00,673.0394791367772,673.0394791367772,0.0
2025-10-17 12:15:00,675.0394791367772,675.0394791367772,0.0
2025-10-20 08:15:00,677.0394791367772,677.0394791367772,0.0
2025-10-21 00:15:00,679.0394791367772,679.0394791367772,0.0
2025-10-21 06:00:00,678.0394791367772,679.0394791367772,-1.0
2025-10-21 07:00:00,680.0394791367772,680.0394791367772,0.0
2025-10-21 08:00:00,682.0394791367772,682.0394791367772,0.0
2025-10-21 08:30:00,684.0394791367772,684.0394791367772,0.0
2025-10-21 12:30:00,686.0394791367772,686.0394791367772,0.0
2025-10-27 01:15:00,686.8156443318766,686.8156443318766,0.0
2025-10-27 07:45:00,688.8156443318766,688.8156443318766,0.0
2025-10-27 09:15:00,690.8156443318766,690.8156443318766,0.0
2025-10-28 04:15:00,692.8156443318766,692.8156443318766,0.0
2025-10-29 13:15:00,694.8156443318766,694.8156443318766,0.0
2025-11-04 12:15:00,696.8156443318766,696.8156443318766,0.0
2025-11-04 14:00:00,698.8156443318766,698.8156443318766,0.0
2025-11-04 15:45:00,700.2663581404997,700.2663581404997,0.0
2025-11-10 00:15:00,702.2663581404997,702.2663581404997,0.0
2025-11-10 01:45:00,701.2663581404997,702.2663581404997,-1.0
2025-11-10 02:30:00,703.2663581404997,703.2663581404997,0.0
2025-11-10 06:15:00,705.2663581404997,705.2663581404997,0.0
2025-11-10 09:00:00,704.2663581404997,705.2663581404997,-1.0
2025-11-10 09:45:00,706.2663581404997,706.2663581404997,0.0
2025-11-12 13:15:00,708.2663581404997,708.2663581404997,0.0
2025-11-14 04:15:00,710.2663581404997,710.2663581404997,0.0
2025-11-14 08:15:00,712.2663581404997,712.2663581404997,0.0
2025-11-14 11:45:00,714.2663581404997,714.2663581404997,0.0
2025-11-17 01:15:00,716.2663581404997,716.2663581404997,0.0
2025-11-17 13:15:00,718.2663581404997,718.2663581404997,0.0
2025-11-20 00:15:00,720.2663581404997,720.2663581404997,0.0
2025-11-24 04:15:00,719.2663581404997,720.2663581404997,-1.0
2025-11-24 05:00:00,721.2663581404997,721.2663581404997,0.0
2025-11-24 09:30:00,723.2663581404997,723.2663581404997,0.0
2025-11-24 15:30:00,725.2663581404997,725.2663581404997,0.0
2025-11-26 14:15:00,726.5218785752583,726.5218785752583,0.0
2025-11-28 13:15:00,728.5218785752583,728.5218785752583,0.0
2025-11-28 15:15:00,730.5218785752583,730.5218785752583,0.0
2025-12-11 13:15:00,732.5218785752583,732.5218785752583,0.0
2025-12-11 14:30:00,734.5218785752583,734.5218785752583,0.0
2025-12-22 00:15:00,736.5218785752583,736.5218785752583,0.0
2025-12-22 02:00:00,738.5218785752583,738.5218785752583,0.0
2025-12-22 05:45:00,740.5218785752583,740.5218785752583,0.0
2025-12-22 08:15:00,741.7178745593138,741.7178745593138,0.0
2025-12-29 00:15:00,743.7178745593138,743.7178745593138,0.0
2025-12-29 01:15:00,745.7178745593138,745.7178745593138,0.0
2025-12-29 07:30:00,744.7178745593138,745.7178745593138,-1.0
2025-12-29 08:45:00,746.7178745593138,746.7178745593138,0.0
2025-12-29 14:00:00,748.7178745593138,748.7178745593138,0.0
2026-01-02 13:15:00,750.7178745593138,750.7178745593138,0.0
2026-01-02 13:45:00,752.7178745593138,752.7178745593138,0.0
2026-01-05 00:15:00,754.7178745593138,754.7178745593138,0.0
2026-01-05 01:30:00,755.9475241201723,755.9475241201723,0.0
2026-01-07 03:15:00,757.9475241201723,757.9475241201723,0.0
2026-01-08 14:15:00,759.9475241201723,759.9475241201723,0.0
2026-01-20 00:30:00,761.9475241201723,761.9475241201723,0.0
2026-01-20 02:00:00,763.9475241201723,763.9475241201723,0.0
2026-01-20 05:00:00,765.9475241201723,765.9475241201723,0.0
2026-01-20 06:15:00,767.9475241201723,767.9475241201723,0.0
2026-01-22 00:15:00,768.9353161068017,768.9353161068017,0.0
2026-01-23 09:15:00,770.9353161068017,770.9353161068017,0.0
2026-01-27 01:15:00,771.3152667742485,771.3152667742485,0.0
2026-01-30 00:15:00,773.3152667742485,773.3152667742485,0.0
2026-01-30 01:30:00,775.3152667742485,775.3152667742485,0.0
2026-01-30 02:30:00,775.5461443877647,775.5461443877647,0.0
2026-01-30 09:00:00,777.5461443877647,777.5461443877647,0.0
2026-01-30 11:00:00,779.0100839879194,779.0100839879194,0.0
2026-02-05 00:15:00,781.0100839879194,781.0100839879194,0.0
2026-02-05 02:30:00,783.0100839879194,783.0100839879194,0.0
2026-02-05 06:00:00,783.4548237128112,783.4548237128112,0.0
2026-02-06 00:15:00,785.4548237128112,785.4548237128112,0.0
2026-02-06 01:15:00,787.4548237128112,787.4548237128112,0.0
2026-02-06 06:15:00,786.4548237128112,787.4548237128112,-1.0
2026-02-06 07:15:00,788.4548237128112,788.4548237128112,0.0
2026-02-12 15:30:00,790.4548237128112,790.4548237128112,0.0
2026-02-16 08:45:00,791.7421018044411,791.7421018044411,0.0
2026-02-17 00:30:00,793.7421018044411,793.7421018044411,0.0
2026-02-17 01:45:00,795.7421018044411,795.7421018044411,0.0
2026-02-17 12:15:00,797.7421018044411,797.7421018044411,0.0
2026-02-18 00:15:00,799.7421018044411,799.7421018044411,0.0
2026-02-18 02:30:00,800.8634553809951,800.8634553809951,0.0
2026-02-23 14:00:00,802.8634553809951,802.8634553809951,0.0
2026-02-24 00:15:00,804.8634553809951,804.8634553809951,0.0
2026-02-24 02:00:00,804.7148262693993,804.8634553809951,-0.14862911159582382
2026-02-24 08:15:00,806.7148262693993,806.7148262693993,0.0
2026-03-02 14:15:00,808.7148262693993,808.7148262693993,0.0
2026-03-02 14:45:00,810.7148262693993,810.7148262693993,0.0
2026-03-03 04:15:00,812.7148262693993,812.7148262693993,0.0
2026-03-03 06:30:00,814.7148262693993,814.7148262693993,0.0
2026-03-03 09:45:00,816.7148262693993,816.7148262693993,0.0
2026-03-05 12:15:00,818.7148262693993,818.7148262693993,0.0
2026-03-05 13:45:00,820.7148262693993,820.7148262693993,0.0
2026-03-08 22:15:00,822.7148262693993,822.7148262693993,0.0
2026-03-09 00:15:00,824.7148262693993,824.7148262693993,0.0
2026-03-09 14:15:00,826.7148262693993,826.7148262693993,0.0
2026-03-11 14:15:00,827.169611007074,827.169611007074,0.0
2026-03-12 13:15:00,829.169611007074,829.169611007074,0.0
2026-03-12 13:45:00,831.169611007074,831.169611007074,0.0
2026-03-12 15:30:00,833.169611007074,833.169611007074,0.0
2026-03-13 04:15:00,835.169611007074,835.169611007074,0.0
2026-03-13 12:15:00,834.169611007074,835.169611007074,-1.0
2026-03-13 13:15:00,836.169611007074,836.169611007074,0.0
2026-03-13 15:00:00,835.169611007074,836.169611007074,-1.0
2026-03-13 15:30:00,837.169611007074,837.169611007074,0.0
2026-03-17 14:15:00,839.169611007074,839.169611007074,0.0
2026-03-18 08:15:00,841.169611007074,841.169611007074,0.0
2026-03-18 11:00:00,843.169611007074,843.169611007074,0.0
2026-03-18 12:00:00,845.169611007074,845.169611007074,0.0
2026-03-18 13:00:00,846.140014142975,846.140014142975,0.0
2026-03-18 19:15:00,848.140014142975,848.140014142975,0.0
2026-03-19 04:15:00,850.140014142975,850.140014142975,0.0
2026-03-19 06:45:00,852.140014142975,852.140014142975,0.0
2026-03-19 07:15:00,854.140014142975,854.140014142975,0.0
2026-03-19 08:15:00,856.140014142975,856.140014142975,0.0
2026-03-20 12:15:00,858.140014142975,858.140014142975,0.0
2026-03-20 16:15:00,860.140014142975,860.140014142975,0.0
2026-03-20 19:15:00,862.140014142975,862.140014142975,0.0
2026-03-24 02:15:00,864.140014142975,864.140014142975,0.0
2026-03-24 17:15:00,866.140014142975,866.140014142975,0.0
2026-03-25 13:15:00,868.140014142975,868.140014142975,0.0
2026-03-25 19:30:00,867.140014142975,868.140014142975,-1.0
2026-03-26 00:15:00,869.140014142975,869.140014142975,0.0
2026-04-02 00:15:00,871.140014142975,871.140014142975,0.0
2026-04-02 01:30:00,873.140014142975,873.140014142975,0.0
2026-04-07 14:30:00,875.140014142975,875.140014142975,0.0
2026-04-08 12:15:00,877.140014142975,877.140014142975,0.0
2026-04-08 14:45:00,879.140014142975,879.140014142975,0.0
2026-04-10 15:15:00,881.140014142975,881.140014142975,0.0
2026-04-13 00:15:00,883.140014142975,883.140014142975,0.0
2026-04-21 00:15:00,885.140014142975,885.140014142975,0.0
2026-04-21 02:00:00,887.140014142975,887.140014142975,0.0
2026-04-21 14:15:00,889.140014142975,889.140014142975,0.0
2026-04-23 14:30:00,891.140014142975,891.140014142975,0.0
2026-04-28 00:15:00,893.140014142975,893.140014142975,0.0
2026-04-28 02:15:00,895.140014142975,895.140014142975,0.0
2026-04-28 05:30:00,897.140014142975,897.140014142975,0.0
2026-04-28 06:15:00,899.140014142975,899.140014142975,0.0
2026-04-28 10:00:00,901.140014142975,901.140014142975,0.0
2026-04-29 04:15:00,903.140014142975,903.140014142975,0.0
2026-05-01 04:15:00,905.140014142975,905.140014142975,0.0
2026-05-04 04:15:00,907.140014142975,907.140014142975,0.0
2026-05-04 08:45:00,909.140014142975,909.140014142975,0.0
2026-05-04 14:30:00,911.140014142975,911.140014142975,0.0
2026-05-04 15:45:00,911.710237702227,911.710237702227,0.0
2026-05-11 12:15:00,913.710237702227,913.710237702227,0.0
2026-05-12 00:15:00,915.710237702227,915.710237702227,0.0
2026-05-12 01:30:00,917.710237702227,917.710237702227,0.0
2026-05-14 14:15:00,919.710237702227,919.710237702227,0.0
2026-05-15 00:15:00,921.710237702227,921.710237702227,0.0
2026-05-15 01:00:00,923.710237702227,923.710237702227,0.0
2026-05-15 07:15:00,925.710237702227,925.710237702227,0.0
2026-05-18 01:15:00,927.710237702227,927.710237702227,0.0
2026-05-18 04:00:00,927.7148506354296,927.7148506354296,0.0
2026-05-19 00:15:00,929.7148506354296,929.7148506354296,0.0
2026-05-19 01:30:00,928.7148506354296,929.7148506354296,-1.0
2026-05-19 02:00:00,929.0095511246784,929.7148506354296,-0.7052995107511606
2026-05-19 08:15:00,931.0095511246784,931.0095511246784,0.0
2026-05-19 14:15:00,931.2058308932058,931.2058308932058,0.0
2026-05-20 03:00:00,931.9714334848878,931.9714334848878,0.0
2026-05-27 00:15:00,933.9714334848878,933.9714334848878,0.0
2026-05-27 08:30:00,935.9714334848878,935.9714334848878,0.0
2026-06-01 00:15:00,937.9714334848878,937.9714334848878,0.0
2026-06-01 03:30:00,939.9714334848878,939.9714334848878,0.0
2026-06-01 12:15:00,941.9714334848878,941.9714334848878,0.0
2026-06-02 13:15:00,943.9714334848878,943.9714334848878,0.0
2026-06-02 14:45:00,944.9470360062078,944.9470360062078,0.0
2026-06-05 12:15:00,946.9470360062078,946.9470360062078,0.0
2026-06-05 13:15:00,948.9470360062078,948.9470360062078,0.0
2026-06-05 14:15:00,950.9470360062078,950.9470360062078,0.0
2026-06-08 00:15:00,952.9470360062078,952.9470360062078,0.0
2026-06-08 02:00:00,954.9470360062078,954.9470360062078,0.0
2026-06-09 14:15:00,956.9470360062078,956.9470360062078,0.0
2026-06-09 15:00:00,958.9470360062078,958.9470360062078,0.0
2026-06-09 16:45:00,957.9470360062078,958.9470360062078,-1.0
2026-06-09 18:45:00,959.9470360062078,959.9470360062078,0.0
2026-06-10 00:00:00,961.9470360062078,961.9470360062078,0.0
2026-06-10 14:15:00,963.9470360062078,963.9470360062078,0.0
2026-06-10 15:45:00,965.9470360062078,965.9470360062078,0.0
2026-06-18 02:15:00,967.9470360062078,967.9470360062078,0.0
2026-06-18 08:15:00,969.9470360062078,969.9470360062078,0.0
2026-06-18 13:15:00,968.9470360062078,969.9470360062078,-1.0
2026-06-18 14:00:00,970.9470360062078,970.9470360062078,0.0
2026-06-19 00:30:00,969.9470360062078,970.9470360062078,-1.0
2026-06-19 01:30:00,971.9470360062078,971.9470360062078,0.0
2026-06-19 03:30:00,973.9470360062078,973.9470360062078,0.0
2026-06-23 01:15:00,975.9470360062078,975.9470360062078,0.0
2026-06-23 02:00:00,977.9470360062078,977.9470360062078,0.0
2026-06-23 03:45:00,979.9470360062078,979.9470360062078,0.0
2026-06-23 16:15:00,981.9470360062078,981.9470360062078,0.0
2026-06-24 00:15:00,983.9470360062078,983.9470360062078,0.0
2026-06-24 01:30:00,985.9470360062078,985.9470360062078,0.0
2026-06-24 08:15:00,984.9470360062078,985.9470360062078,-1.0
2026-06-24 09:00:00,986.9470360062078,986.9470360062078,0.0
2026-06-26 04:15:00,988.9470360062078,988.9470360062078,0.0
2026-06-29 03:15:00,989.9097659287329,989.9097659287329,0.0
2026-06-29 13:15:00,991.9097659287329,991.9097659287329,0.0
2026-07-06 01:15:00,993.9097659287329,993.9097659287329,0.0
2026-07-07 13:15:00,995.9097659287329,995.9097659287329,0.0
