period,trades,total_r,avg_r,wins,losses,max_dd,win_rate
2023-06,3,1.2034817586936697e-13,4.011605862312232e-14,1,2,-2.0,0.3333333333333333
2023-07,1,1.9999999999998963,1.9999999999998963,1,0,-1.0347278589506459e-13,1.0
2023-11,26,3.9999999999999702,0.1538461538461527,10,16,-4.000000000000073,0.38461538461538464
2023-12,74,21.708333950662684,0.29335586419814436,32,42,-4.0,0.43243243243243246
2024-01,75,-5.881454849474994,-0.07841939799299992,24,51,-15.881454849475052,0.32
2024-02,85,-40.48934934463489,-0.47634528640746926,15,70,-54.37080419410994,0.17647058823529413
2024-03,107,15.142061496810639,0.1415145934281368,41,66,-60.370804194109525,0.38317757009345793
2024-04,77,52.00000000000075,0.6753246753246851,43,34,-37.2287426972993,0.5584415584415584
2024-05,94,42.585050371047096,0.45303245075582016,46,48,-7.0,0.48936170212765956
2024-06,103,38.000000000001364,0.3689320388349647,47,56,-6.999999999999858,0.4563106796116505
2024-07,67,11.000000000000455,0.16417910447761871,26,41,-5.0,0.3880597014925373
2024-08,18,14.999999999999957,0.8333333333333309,11,7,-3.0,0.6111111111111112
2024-09,70,26.000000000001002,0.37142857142858576,32,38,-5.999999999999716,0.45714285714285713
2024-10,78,38.99999999999986,0.49999999999999817,39,39,-3.000000000000256,0.5
2024-11,64,57.604004512668816,0.9000625705104502,42,22,-3.0,0.65625
2024-12,42,42.753381284321875,1.0179376496267114,29,13,-2.0,0.6904761904761905
2025-01,85,44.60300909858263,0.5247412835127369,44,41,-3.0,0.5176470588235295
2025-02,23,26.514152474398053,1.1527892380173066,17,6,-2.0,0.7391304347826086
2025-03,14,12.999999999999892,0.9285714285714208,9,5,-3.0,0.6428571428571429
2025-04,44,37.75749550514788,0.85812489784427,28,16,-2.0,0.6363636363636364
2025-06,4,4.999999999999941,1.2499999999999853,3,1,-1.0,0.75
2026-02,26,25.00000000000017,0.9615384615384681,17,9,-3.0,0.6538461538461539
2026-03,52,63.12120923080439,1.2138694082846997,39,13,-2.0,0.75
2026-04,33,20.999999999999606,0.6363636363636244,18,15,-6.0,0.5454545454545454
2026-06,18,20.582302741882067,1.1434612634378927,13,5,-2.0000000000001137,0.7222222222222222
