run,final_r,max_drawdown_r,min_equity_r,max_equity_r
1,615.8040072528951,-11.000000000000057,0.45375564084170206,615.8040072528951
2,653.6291602080358,-16.0,-2.9999999999999245,653.6291602080358
3,579.3767401726419,-10.999999999999751,1.496580637194711e-13,579.3767401726419
4,613.8486326903477,-11.000000000000313,-1.0,615.8486326903477
5,583.7730692061031,-10.999999999999915,-1.0,584.7730692061028
6,583.5731219659949,-10.99999999999983,-1.0,585.5731219659949
7,610.4681587754467,-14.49036035773588,-1.1874730642149256,610.4681587754467
8,559.5114674594081,-9.999999999999886,-3.0,562.5114674594081
9,642.7580201164428,-8.999999999999886,-1.0,644.7580201164428
10,543.6488665042053,-11.9999999999999,-2.0,543.6488665042053
11,546.6927707864178,-8.99999999999983,-1.0,546.6927707864178
12,491.9609913044032,-14.417697258117766,1.9999999999998082,491.9609913044032
13,613.4268520309028,-13.0,-1.851852005074761e-13,614.4268520309028
14,605.3158971531524,-11.999999999999886,1.0,608.3158971531523
15,458.0323164428751,-24.187473064214885,2.0000000000000604,462.03231644287507
16,639.3164274073672,-13.999999999999716,-2.0,639.3164274073672
17,550.4758201252184,-15.999999999999659,-1.0,551.4758201252184
18,606.6504347587429,-11.99999999999983,1.0000000000001004,610.6504347587429
19,527.086641208433,-14.999999999999659,-1.0,532.0866412084331
20,555.276361026937,-12.000000000000057,-2.0,555.276361026937
21,551.406910455512,-9.000000000000256,-1.0,551.406910455512
22,586.1274570573588,-12.999999999999943,1.0,588.849918874414
23,593.635509942993,-15.000000000000057,-3.0,593.6355099429933
24,543.2123724845236,-11.000000000000114,-4.0,545.2123724845236
25,525.7902927008398,-11.0,2.000000000000158,531.79029270084
26,614.4316755936023,-13.0,-3.0,614.4316755936026
27,541.7016747903203,-19.99999999999983,2.0,549.7016747903203
28,522.2961018628166,-11.999999999999801,1.0000000000001275,522.2961018628166
29,683.7834900273926,-8.999999999999886,-7.0,688.7834900273922
30,588.9075677265437,-12.000000000000114,2.00000000000014,589.9075677265437
31,572.6278301973007,-10.0,-1.0,572.6278301973007
32,550.1984919909543,-15.490360357735824,2.0,551.1984919909543
33,550.9055571813528,-16.869749880211046,-1.0000000000000306,550.9055571813528
34,441.55814412247025,-18.495101495044764,-5.0,444.55814412247025
35,633.2719079456745,-10.0,-2.0,633.2719079456745
36,637.003154735891,-10.000000000000142,1.0,637.003154735891
37,528.406706506222,-10.0,1.0,528.406706506222
38,600.2998621568855,-8.99999999999983,1.0000000000000853,600.2998621568856
39,525.4722053531676,-15.999999999999758,-2.0,530.4722053531676
40,512.4813368357135,-12.000000000000227,-1.0,517.481336835714
41,603.4823648586897,-10.0,-7.999999999999674,612.4823648586897
42,605.7375896644766,-11.999999999999801,-1.0090408889847853,606.2279500222126
43,605.0993637101348,-12.000000000000028,-4.0,607.0993637101349
44,595.9140706898073,-11.0,-1.199040866595169e-13,595.9140706898073
45,586.9528896038395,-13.999999999999716,2.0,586.9528896038395
46,627.1906869780873,-14.0,-2.0,628.1906869780873
47,524.6540051200511,-12.00000000000017,1.0000000000001537,525.6540051200511
48,551.020511626766,-10.99999999999983,-2.0,551.020511626766
49,555.2566498098944,-13.000000000000043,-1.0,556.2566498098944
50,550.2339369407548,-18.99999999999966,-2.8579385031905606,552.2339369407549
51,522.0022062938124,-12.000000000000314,-5.000000000000234,522.0022062938124
52,656.4335266196695,-9.000000000000057,1.9999999999998839,656.4335266196695
53,487.68395771273134,-17.0,-3.0,489.68395771273134
54,527.645738282011,-21.0,-3.0000000000001394,527.645738282011
55,552.6000262941528,-10.0,-2.0,552.6000262941528
56,581.1472310703065,-10.0,-1.0,583.1472310703065
57,462.11532936714366,-15.0,-4.999999999999993,464.11532936714366
58,466.5373016313703,-17.284699509165193,1.0,466.5373016313703
59,598.9084620565474,-9.000000000000057,-4.0,602.9084620565474
60,563.4416300210268,-13.000000000000114,-1.3589129821411916e-13,564.4416300210268
61,563.159393544646,-10.999999999999886,2.0000000000001235,565.1593935446459
62,572.3961938850215,-10.999999999999886,-1.0,572.3961938850215
63,559.4242712321469,-23.696260135694217,-4.0,559.4242712321469
64,504.4730268010526,-13.0,2.0,508.4730268010527
65,534.6670815875368,-17.00000000000003,1.0000000000001208,534.6670815875368
66,721.3149827605547,-9.999999999999773,-1.0,721.3149827605547
67,645.482480450395,-17.999999999999602,-3.000000000000031,648.3522303306058
68,580.4871160870567,-11.999999999999629,-10.999999999999478,581.4871160870567
69,657.9561320265584,-11.000000000000028,-1.0,658.9561320265584
70,659.4111677214596,-10.0,-2.0,661.4111677214596
71,562.0116239335398,-9.99999999999983,-2.0,562.0116239335398
72,558.6834059185901,-12.999999999999943,-3.1874730642149864,560.6834059185896
73,591.816493641374,-13.000000000000227,-3.0,594.816493641374
74,711.6273141386774,-13.650114902807232,2.0000000000001674,713.6273141386774
75,602.3762837249016,-9.999999999999787,-1.0,605.1960891466452
76,523.8099398042406,-10.000000000000199,-3.0,523.8099398042406
77,537.871822580778,-12.000000000000057,-2.0,537.871822580778
78,668.8799103739915,-8.999999999999886,-3.0,671.8799103739915
79,558.279854359066,-12.999999999999943,2.0000000000001292,559.279854359066
80,557.2843423312215,-11.000000000000057,-4.0,560.2843423312215
81,572.9543515382982,-12.999999999999808,-3.0,574.9543515382982
82,593.461136742153,-13.99999999999983,1.0,596.461136742153
83,634.0597849216923,-12.414949628954162,-2.0,634.0597849216923
84,567.8437810966614,-11.00000000000017,0.9999999999998948,570.8437810966614
85,583.325213743807,-18.999999999999773,-0.9999999999998483,583.325213743807
86,575.125607561775,-13.000000000000085,-2.0,580.125607561775
87,492.46358254785554,-13.0,1.0000000000000573,494.46358254785554
88,623.6851545509396,-11.0,-1.0,623.6851545509396
89,521.6605043349795,-15.999999999999943,0.0,522.6695452239643
90,586.5726814287806,-10.0,0.9999999999998397,586.5726814287806
91,650.3370210511316,-9.426813293935027,2.0000000000002096,650.3370210511316
92,615.058019748276,-10.0,2.0,621.0580197482758
93,593.3012915579116,-10.650114902807672,2.0,593.3012915579116
94,566.8493176403707,-10.0,-3.0,567.8493176403707
95,576.701662516019,-12.000000000000185,-3.0,580.0927570077581
96,595.8399596505611,-10.0,-1.9999999999999032,597.8399596505611
97,516.85855920579,-14.54624435915872,1.999999999999849,518.85855920579
98,553.5456309316788,-11.999999999999986,-7.4858475256017645,554.5456309316784
99,489.0296723610113,-14.999999999999886,-1.0000000000000595,493.44462198996496
100,534.62172339004,-11.009040888984657,0.0,534.62172339004
101,645.321412330125,-10.0,-1.0,646.321412330125
102,582.0370110484706,-12.0,-3.0,585.0370110484706
103,530.0335258480216,-14.0,-5.869749880210765,531.0335258480216
104,481.32786549359525,-11.0,-1.0,491.327865493595
105,618.2857608207634,-11.000000000000135,-1.4860606060606516,618.2857608207634
106,654.9909494665857,-10.39109449173884,1.9999999999999107,656.9909494665859
107,666.4897256818632,-11.0,-1.0,666.4897256818632
108,567.4247680064547,-11.999999999999858,-1.0,571.4247680064547
109,617.3411068711677,-16.999999999999915,-0.6501149028078643,620.3411068711673
110,582.448707761361,-16.99999999999966,-1.0,584.3301626108358
111,602.7652927904013,-12.999999999999687,1.0000000000002895,602.7652927904013
112,497.10856205598486,-12.999999999999801,-1.0000000000000622,499.108562055985
113,593.5882923629761,-10.0,-3.000000000000185,595.5882923629761
114,529.5705818690024,-14.0,2.0,532.5705818690024
115,602.5932697296809,-10.000000000000156,-3.0,603.593269729681
116,586.7596523038276,-12.0,-4.0,589.7596523038276
117,560.0218601420336,-12.999999999999488,2.0000000000001164,563.0218601420336
118,619.9871343408853,-11.00000000000017,-1.0,620.9871343408853
119,619.3463431941814,-10.0,-3.0,620.3463431941814
120,611.8438459907984,-11.9999999999999,-1.857938503190395,612.8438459907984
121,616.1760003310295,-11.485847525602082,1.0,617.1760003310295
122,615.4318368472855,-10.0,-1.9999999999999005,618.4318368472855
123,579.386016512434,-11.000000000000114,-0.9999999999997478,581.386016512434
124,592.5321674473101,-12.999999999999773,-2.0,592.5321674473101
125,597.393898619083,-10.000000000000256,2.0,599.5813716832977
126,565.4206910928662,-13.999999999999773,-3.000000000000192,570.4206910928663
127,569.3873418326684,-12.999999999999659,-0.9999999999998601,570.3873418326684
128,516.0784543164774,-12.0,-3.0,516.0784543164774
129,670.7021728342016,-10.0,1.9999999999998732,670.7021728342016
130,626.8291285798765,-11.739499760421552,-1.9999999999998326,628.8291285798767
131,516.7355807099958,-10.009040888984657,-8.0,521.7355807099952
132,620.2998903027949,-13.000000000000426,1.496580637194711e-13,621.2998903027951
133,576.5423368601768,-14.999999999999886,-2.0,576.5423368601768
134,597.2692337440548,-12.0,-1.0,597.2692337440548
135,492.27293424261563,-10.999999999999815,-7.0000000000001155,495.27293424261563
136,621.1558942473249,-18.0,-1.0,621.1558942473249
137,594.6862794051697,-14.88373319990896,0.0,595.6862794051697
138,518.0440282466625,-15.284699509164568,-1.1901590823981678e-13,521.0440282466625
139,631.9739069433587,-8.999999999999872,-1.0,632.9739069433588
140,598.3352590420935,-13.000000000000114,-1.0,599.3352590420935
141,508.7443789954541,-10.999999999999858,-2.0,511.7443789954541
142,528.8993137844947,-11.99999999999983,1.6431300764452317e-13,528.8993137844947
143,651.7965951466807,-11.999999999999886,1.0000000000001301,653.7965951466807
144,620.8947968446042,-22.009040888984437,-2.0090408889840905,620.8947968446042
145,676.9003031469202,-9.85793850319078,-1.0,678.9003031469202
146,601.0615138762387,-9.000000000000085,2.0,602.0615138762387
147,641.8645068403177,-12.0,-1.0,643.8645068403177
148,519.0514672258806,-17.999999999999602,-1.0,523.0514672258806
149,484.1080901401155,-17.999999999999375,-4.0000000000001315,489.1080901401155
150,594.7740328297791,-11.0,-4.999999999999902,594.7740328297791
151,618.8382826809528,-11.999999999999943,-4.0,618.8382826809528
152,509.784791896555,-9.426813293934941,1.9999999999999483,514.784791896555
153,664.4758534165547,-12.0,-1.0,664.4758534165547
154,490.97095091605837,-12.999999999999659,2.0,493.9709509160584
155,585.6955227432518,-13.0,1.0,585.6955227432518
156,498.5299905687082,-13.999999999999773,2.0,500.92108506044707
157,595.9075603644529,-10.426813293934913,1.0000000000000542,597.9075603644529
158,519.3959905024461,-12.722461817055347,-2.0000000000002736,519.3959905024461
159,530.3742497670725,-12.000000000000185,-4.0,535.3742497670725
160,575.8759212670457,-10.0,-1.0,578.8759212670457
161,603.6279862049921,-14.000000000000114,-5.000000000000311,609.6279862049922
162,559.2629006841534,-13.999999999999744,2.0,565.2629006841534
163,680.2584164147772,-9.0,-3.0,683.2584164147771
164,636.3983879390639,-15.0,-2.0,639.3983879390639
165,482.07448427729224,-15.99999999999983,-1.0,482.07448427729224
166,641.8075144600879,-9.0,-2.0,645.8075144600879
167,514.1536291067633,-9.0,-1.0,515.1536291067632
168,517.7856636630986,-12.0,-2.0,523.7856636630986
169,579.7021408647366,-10.999999999999886,-8.415490526658687e-14,579.7021408647366
170,600.0768987804116,-11.696260135694374,1.9999999999999047,601.0768987804116
171,589.736331013124,-19.000000000000114,1.0000000000000866,589.736331013124
172,704.7741093142059,-11.0,-1.0,704.774109314206
173,541.3772125072138,-18.869749880210634,-1.0,541.3772125072138
174,584.6992203204339,-12.000000000000227,-2.0,584.6992203204339
175,591.4553479144597,-16.000000000000114,-1.0,592.4553479144597
176,572.7029015492838,-13.0,0.18019457825631746,572.7029015492838
177,702.8332702067428,-9.000000000000057,-2.0,703.8332702067428
178,566.0191004647565,-11.18662049343044,-3.0,569.0191004647565
179,530.8156730360629,-12.000000000000284,-2.0,530.8156730360629
180,687.0830853302912,-10.000000000000114,0.9999999999999623,689.0830853302912
181,542.3515330337347,-13.999999999999687,2.0,544.3515330337348
182,567.9143540219436,-12.99999999999983,1.0,567.9143540219436
183,517.4302015088185,-15.999999999999886,-2.0,520.4302015088185
184,693.9332321555285,-16.722461817055375,1.5987211554602254e-14,696.9332321555285
185,593.186937148318,-12.490360357735938,-1.3389289676979388e-13,593.1869371483182
186,572.578336758179,-11.0,-1.999999999999901,576.578336758179
187,610.693003563352,-12.999999999999886,-6.0,610.693003563352
188,599.0185100643278,-18.000000000000057,-5.0,600.0185100643278
189,568.663474812512,-11.999999999999943,1.9999999999998912,568.663474812512
190,499.86080654781733,-12.00000000000015,2.0,510.86080654781733
191,494.54830370756486,-13.999999999999886,-2.0,494.54830370756486
192,629.7815809197917,-10.999999999999943,0.0,630.1965305487457
193,583.1025919111486,-11.999999999999716,-8.0,585.1025919111486
194,589.0943734302542,-15.99999999999983,-3.000000000000014,589.0943734302542
195,619.8742315317314,-11.0,-2.142730437526552e-13,619.8742315317314
196,555.4618034045138,-11.746875998610165,1.9999999999999047,559.4618034045138
197,635.3646843810586,-9.0,2.0,637.3646843810586
198,552.59188034171,-13.999999999999545,1.0000000000001301,553.59188034171
199,572.8575700033497,-15.975196870236573,2.000000000000037,574.2477165025401
200,610.8184142360815,-11.187473064214483,-2.0,610.8184142360815
201,513.7736758882661,-11.999999999999886,1.9999999999998646,513.7736758882661
202,603.8172566323191,-9.722461817055205,-1.0,610.8172566323192
203,634.4460246563043,-12.999999999999545,2.0,634.4460246563043
204,576.1252344124812,-8.999999999999602,-1.0,576.1252344124812
205,670.9382308430489,-11.000000000000227,-1.0,673.9382308430489
206,548.700563982405,-11.99999999999985,-3.999999999999759,548.700563982405
207,630.6753343425997,-12.0,-1.9999999999997096,630.6753343425997
208,642.0239717074071,-12.999999999999762,2.0,646.0239717074071
209,564.4583561929331,-12.99999999999983,-1.0,564.4583561929331
210,612.080885987272,-15.0,-1.0,613.080885987272
211,571.8859567591538,-12.000000000000057,-3.0000000000000515,571.8859567591538
212,515.2509185211662,-18.999999999999815,-4.0,524.2509185211662
213,555.3364938686326,-14.0,-3.0000000000001403,556.3364938686326
214,462.76187024573164,-15.0,-2.0,462.76187024573164
215,681.9992708434863,-7.999999999999886,1.0000000000000782,682.9992708434863
216,574.3095879297045,-9.000000000000128,2.0,574.3095879297045
217,574.7824782396107,-9.999999999999886,-2.0,582.7824782396107
218,534.4926739662674,-11.000000000000028,-2.0,534.4926739662674
219,554.7471381707996,-17.0,2.0,555.7471381707996
220,672.1363331399831,-19.41494962895399,1.9999999999999325,672.1363331399831
221,622.5734591294661,-11.41494962895402,-1.00000000000012,623.5734591294661
222,577.4729975369789,-12.0,-1.0,578.8998108309139
223,586.2138851192163,-11.009040888984885,-4.999999999999821,588.213885119216
224,613.8248716868187,-15.99999999999983,-2.6501149028078537,614.8248716868187
225,499.5356230741753,-14.999999999999623,-2.0,500.5356230741753
226,643.9106278157716,-13.0,-1.0,643.9106278157716
227,633.366872349843,-13.0,-2.0,634.366872349843
228,587.9791577090257,-10.999999999999588,-4.696260135693883,588.9791577090257
229,541.7546614184862,-12.000000000000114,1.0,543.7546614184862
230,602.5721425135437,-11.000000000000142,2.0,605.5721425135437
231,509.8004256436304,-15.000000000000256,-3.0,509.8004256436304
232,642.9339535347863,-9.0,-1.0,642.9339535347863
233,551.8137655126151,-9.81980542174324,-3.0000000000001403,552.8137655126151
234,688.4141512370401,-11.999999999999886,2.0,690.2839011172509
235,592.2979200395768,-12.00000000000017,2.0,601.2979200395768
236,548.5767033971845,-15.291666049336897,-9.00000000000003,551.5767033971845
237,567.4218482750354,-9.999999999999929,-2.0,567.4218482750354
238,595.7579950314388,-14.490360357735945,2.00000000000006,597.7579950314388
239,519.1878801102351,-13.0,1.0,520.1878801102351
240,555.0418742683636,-14.000000000000341,1.021405182655144e-13,560.0418742683638
241,500.8338708264134,-15.0,1.000000000000143,500.8338708264134
242,643.575071262021,-10.0,0.0,646.5750712620207
243,599.6530415285735,-14.0,-1.0,600.6530415285735
244,560.3525990418964,-10.546244359158095,1.4210854715202004e-14,570.8988434010545
245,611.1543505204503,-13.999999999999801,2.0,611.1543505204503
246,538.1811032727082,-10.291666049336825,-5.0,539.1811032727084
247,590.3878555463625,-11.999999999999659,-2.0,594.3878555463623
248,584.6816506111072,-11.0,-3.000000000000118,585.6816506111072
249,561.1672238865793,-12.241764413197359,-4.0,565.1672238865793
250,573.7996816234993,-12.546244359158564,-4.0,575.7996816234992
251,440.81294443681526,-15.0,-1.0,440.81294443681526
252,538.0067143585396,-13.546244359158063,-1.0,541.0067143585392
253,504.53896555100033,-13.00000000000017,-1.0,504.53896555100033
254,594.8938276859901,-13.650114902807786,-2.0,596.8938276859901
255,549.9120396493554,-16.41494962895382,-1.0,550.9120396493554
256,596.4260143128889,-9.490360357736392,-1.0000000000001217,597.4260143128889
257,566.4720019315715,-13.0,-2.7224618170554615,569.6594749957865
258,595.2786039654353,-12.490360357735938,1.0,597.2786039654353
259,527.8205090714439,-15.99999999999983,-3.0,527.8205090714439
260,519.4441990653867,-15.0,-4.0,521.4441990653868
261,559.7574118365885,-10.0,-2.0,567.7574118365885
262,563.9976990439085,-13.291666049336982,1.9999999999997362,564.9976990439085
263,536.2843657147009,-13.000000000000142,-1.0,536.284365714701
264,586.3926702346585,-8.999999999999972,-2.650114902807987,590.3926702346588
265,578.4650579449274,-14.00000000000017,2.0000000000001457,578.4650579449274
266,529.2369004307558,-11.0,-9.0,531.2369004307558
267,649.0800141341342,-12.0,3.1530333899354446e-13,649.0800141341342
268,590.456454886705,-10.000000000000313,-3.0,592.4564548867052
269,545.9290158921483,-12.650114902807786,-4.9999999999997895,552.9290158921483
270,604.3454015384976,-12.999999999999602,-1.0,604.3454015384976
271,612.1824420169331,-10.000000000000114,-2.0,612.1824420169331
272,582.8621958648879,-17.000000000000085,-2.0,586.8621958648879
273,566.8241850321024,-8.0,-5.0,569.8241850321023
274,546.7623980148661,-15.999999999999716,-1.0,551.7623980148661
275,537.0876103832675,-15.999999999999886,2.000000000000199,538.0876103832675
276,655.703633059943,-8.426813293934856,-1.0,655.703633059943
277,587.2104797292905,-10.999999999999147,-6.0,588.2104797292905
278,607.0233573421152,-11.0,-5.0,607.0233573421152
279,648.3579383449726,-12.99999999999973,-1.0,648.3579383449726
280,529.4978146576567,-9.458906652664666,1.0,530.9127642866107
281,549.5768400153759,-16.39109449173867,2.646771690706373e-13,556.5768400153759
282,529.6257393930484,-9.0,2.0000000000000995,533.6257393930484
283,600.0443730233496,-14.999999999999687,-3.0,600.0443730233497
284,547.3175715305588,-11.000000000000028,-5.999999999999705,547.3175715305588
285,613.4611386142648,-15.0,-2.999999999999828,614.4611386142648
286,567.8334060147921,-15.490360357735966,-2.0,568.8334060147921
287,543.3344730566066,-11.000000000000098,1.000000000000096,546.3344730566066
288,555.0407722692596,-11.0,1.0347278589506459e-13,558.0407722692596
289,549.964544194647,-11.0,-3.999999999999987,550.964544194647
290,569.499990769512,-16.000000000000114,-1.0,572.499990769512
291,537.3457884038444,-12.208309342657742,-10.000000000000124,538.3457884038444
292,635.1768146167306,-12.0,1.0,635.1768146167306
293,652.4601807788331,-12.0,1.999999999999869,652.4601807788331
294,553.7034412537326,-11.999999999999792,-10.00000000000005,554.7034412537326
295,592.1173406370617,-11.486060606060505,1.9999999999999367,592.1173406370617
296,610.1705492716648,-10.999999999999886,2.0000000000000213,610.1705492716648
297,515.5618389234859,-15.857938503190155,1.9999999999998836,517.3816443452296
298,640.6080312145839,-14.99999999999983,-3.0000000000001776,641.304291350278
299,584.8164152015935,-13.0,1.0,584.8164152015935
300,524.3914045563846,-12.999999999999943,-9.0,526.3914045563845
301,531.1672252854692,-12.0,-7.0,532.1672252854692
302,538.2626479200106,-12.999999999999886,-2.0000000000001164,538.2626479200106
303,535.831704624448,-12.999999999999488,1.9806378759312793e-13,535.831704624448
304,598.3840899601023,-10.0,-2.3647750424515834e-13,599.3840899601023
305,554.3228098012614,-12.869749880210861,-3.48584752560195,554.3228098012614
306,572.3894377996564,-13.999999999999915,2.0000000000001474,572.3894377996564
307,531.143525065452,-17.746875998610726,-8.755916887595653,532.143525065452
308,533.32166970778,-14.000000000000057,-1.0,534.32166970778
309,451.87636079417007,-14.99999999999983,-1.0,456.8763607941701
310,621.785226592312,-11.0,0.0,625.785226592312
311,561.5978658936253,-11.0,-2.0,570.5978658936253
312,542.728633024118,-13.99999999999983,-1.000000000000134,543.728633024118
313,506.0185209040391,-13.0,2.0000000000001594,508.0185209040391
314,659.5387236157512,-21.999999999999886,1.9999999999999318,659.5387236157512
315,600.953270954458,-14.0,1.0000000000001208,600.953270954458
316,565.4023170902625,-15.0,-3.0,565.4023170902625
317,629.9446019775878,-11.000000000000114,1.9539925233402755e-14,629.9446019775878
318,508.4575803813569,-14.485847525601969,1.0000000000001208,509.4575803813569
319,526.2372640352062,-9.999999999999545,-1.0,531.2372640352063
320,598.005652965228,-9.0,2.0,602.005652965228
321,539.4693011835346,-10.291666049337323,1.5987211554602254e-13,539.4693011835346
322,593.6224704264903,-14.0,2.0,594.6224704264903
323,617.025719426429,-13.486060606060647,-9.681144774731365e-14,617.025719426429
324,630.9151021129977,-12.999999999999929,-1.0,630.9151021129977
325,580.8591747755336,-11.0,-2.0,581.8591747755336
326,623.5041156269796,-13.0,-1.0000000000001799,623.5041156269796
327,571.980934175549,-14.9999999999999,2.0,572.980934175549
328,585.2934540001513,-12.0,-1.0,585.2934540001513
329,593.6606145702502,-15.00904088898477,0.0,599.6606145702503
330,542.018970209265,-12.0,-4.0,546.018970209265
331,490.5867856168353,-9.000000000000341,2.0,492.5867856168352
332,647.7509734706448,-12.486060606059933,2.0,649.7509734706448
333,567.0562771247952,-13.0,-2.0,567.0562771247952
334,557.33835446385,-13.000000000000057,-2.9999999999999325,558.8242019894521
335,561.8550590775794,-11.999999999999801,2.0,563.8550590775793
336,655.6582685564358,-11.00904088898497,-3.6051703223328944,655.6582685564358
337,610.8918307777715,-14.000000000000284,-3.0,610.8918307777715
338,567.957604276647,-14.999999999999744,-1.0,567.957604276647
339,626.3426785046646,-16.414949628953778,-4.999999999999949,626.3426785046646
340,598.4542295867875,-10.0,-1.0,598.4542295867875
341,614.7484179716416,-11.999999999999659,-1.009040888984606,620.7484179716416
342,535.9856432485058,-11.0,-4.0,535.9856432485059
343,580.1567025773904,-12.000000000000114,-1.7224618170554618,582.1567025773904
344,582.1772985596403,-10.0,5.737632591262809e-13,585.1772985596405
345,396.22360357978397,-15.426813293934927,-3.0,398.0815420829746
346,599.4503362095752,-14.819805421743865,-1.0,600.4503362095752
347,518.9587759224287,-12.999999999999943,2.0,519.9587759224288
348,588.8453507842555,-13.000000000000089,-1.0,590.8453507842555
349,529.0568948110351,-9.90375786417934,-9.0,529.0568948110351
350,518.9374382431221,-16.99999999999997,-2.0,521.9374382431222
351,636.7956451265976,-10.999999999999886,9.592326932761353e-14,641.7956451265975
352,646.7424173540948,-11.0,-1.9999999999998694,656.1601146122129
353,525.9551870283664,-18.000000000000284,-1.0,525.9551870283664
354,598.7567962913217,-12.000000000000227,1.000000000000146,606.7567962913222
355,591.5516762265743,-14.999999999999886,2.0,597.5516762265743
356,540.7309375572257,-11.291666049336868,-1.0,540.7309375572257
357,527.0211292536262,-13.0,-1.0,529.0211292536262
358,562.4381173455911,-15.999999999999929,-4.0,564.438117345591
359,568.7353775983787,-12.486060606060619,-0.2916660493370338,568.7353775983787
360,565.308083988485,-13.000000000000057,-8.000000000000046,576.3080839884849
361,615.6310636834675,-13.000000000000341,-8.000000000000272,615.6310636834675
362,560.4100515293342,-15.999999999999886,2.0,561.4100515293342
363,556.9402271841508,-10.0,-4.0,558.9402271841508
364,561.8672102667331,-11.000000000000114,-3.0,564.8672102667331
365,655.0955883606688,-18.99999999999966,0.0,656.0955883606688
366,617.6073023222391,-11.0,0.9999999999998423,618.6073023222391
367,648.8196538187086,-9.000000000000114,-1.0,648.8196538187086
368,500.61064415210853,-18.999999999999886,7.149836278586008e-14,503.61064415210853
369,613.5857960545716,-14.999999999999886,-1.4149496289540255,614.5857960545716
370,619.822757992307,-9.999999999999886,-2.0,620.822757992307
371,569.4368421202649,-8.486060606060619,-1.0,569.4368421202649
372,636.2875053617453,-9.999999999999716,0.9999999999998648,636.2875053617453
373,537.1283151123259,-19.999999999999773,-2.000000000000026,537.1283151123259
374,468.1162397747181,-15.999999999999659,-3.0,472.1162397747177
375,691.871499993356,-9.00000000000017,5.728750807065808e-14,694.8714999933559
376,600.5124158189162,-9.000000000000227,2.000000000000148,600.5124158189162
377,553.2313764528603,-8.0,-3.999999999999923,554.2313764528603
378,595.8107893912562,-9.999999999999773,-2.0,595.8107893912562
379,574.9731775650314,-15.999999999999943,0.0,574.9731775650314
380,545.6254160113443,-14.999999999999943,-3.9999999999999574,546.6254160113443
381,581.7867965577767,-11.0,-5.000000000000104,581.7867965577767
382,482.08944866318024,-15.0,7.061018436615996e-14,489.08944866318006
383,580.9147181604075,-11.0,-1.0,583.9147181604075
384,544.5781789662963,-13.0,-4.696260135694214,544.5781789662963
385,650.4110044235554,-9.0,2.0000000000000746,650.4110044235554
386,604.5108239658811,-19.72246181705509,-4.9999999999999005,607.5108239658811
387,563.6351290977965,-12.0,-1.0,567.0619423917315
388,583.6439436212353,-15.000000000000398,1.0000000000001088,583.6439436212353
389,587.8877355922095,-11.0,2.0000000000002878,587.8877355922095
390,581.6134907763789,-9.000000000000114,-3.000000000000119,585.6134907763789
391,577.5963857619458,-12.000000000000341,2.0,583.5963857619457
392,636.3825771363681,-11.99999999999909,-0.9999999999999094,636.3825771363681
393,585.6376599459113,-10.000000000000114,-1.0,589.6376599459114
394,638.5990581063015,-17.869749880210748,-2.0,639.5990581063015
395,564.3034131061883,-11.0,-2.9999999999998663,565.3034131061883
396,585.083038123855,-13.400135380723668,-10.00904088898471,586.083038123855
397,491.0601217726378,-13.414949628953934,-3.0,493.0601217726377
398,637.0953371926729,-17.869749880210293,2.0,641.0953371926728
399,540.107804152956,-10.999999999999915,-1.0,543.107804152956
400,640.6945464301818,-11.0,-7.99999999999995,646.6945464301815
401,440.60045149307,-15.187473064214828,-1.0,440.60045149307
402,554.0161877605012,-13.0,-1.0,557.0161877605012
403,630.9677484730203,-9.0,2.0,634.9677484730204
404,688.6911068805888,-11.000000000000114,-1.0,692.6911068805889
405,681.8490211188977,-10.000000000000114,-2.0,681.8490211188977
406,609.1110806335613,-10.0,-5.0,609.1110806335613
407,653.211104471904,-10.490360357735682,0.9999999999998801,655.0690429750948
408,675.3494529624807,-10.0,1.9999999999999336,676.3494529624807
409,561.9280184107106,-10.009040888984714,2.0,563.9280184107106
410,558.7603209265337,-10.000000000000085,-2.0,558.7603209265337
411,577.0462969205373,-11.0,2.0,579.0462969205373
412,546.2739127159942,-12.417697258118324,-9.880984919163893e-14,551.6916099741125
413,495.42726275752483,-19.00000000000017,-1.000000000000115,497.4272627575246
414,557.4994973834979,-13.000000000000014,1.0,557.4994973834979
415,683.0656202725917,-9.999999999999915,-1.0,685.0656202725917
416,592.6746853250022,-13.999999999999602,-1.0,593.6746853250022
417,597.5665083836241,-9.999999999999886,1.0000000000002038,599.5665083836242
418,604.517571177618,-14.000000000000114,-2.0,604.517571177618
419,569.278321580076,-13.999999999999773,-1.7224618170552806,569.278321580076
420,590.9787393622803,-9.000000000000114,1.0000000000001088,590.9787393622803
421,641.2187550651774,-9.99999999999988,-2.9999999999997797,645.2187550651773
422,603.5021416706021,-11.000000000000455,-4.000000000000319,603.5021416706021
423,562.5693692706483,-14.000000000000362,-2.99999999999953,563.5693692706483
424,623.623480336178,-11.0,-1.0,624.623480336178
425,647.7430733199633,-10.000000000000114,-2.0,647.7430733199633
426,571.9380730883508,-12.696260135694473,-1.0,572.9380730883508
427,532.6438556005726,-12.000000000000057,-1.0,534.6438556005725
428,616.1704429802957,-13.999999999999886,-3.0,620.1704429802955
429,656.8715426727385,-9.0,-2.0,657.8715426727385
430,515.3346214986072,-12.486060606060647,-2.0,518.3346214986072
431,515.7220575083471,-12.000000000000103,-3.0,516.7220575083471
432,541.6077653922057,-10.4858475256016,-5.000000000000103,541.6077653922057
433,484.8965100192997,-15.000000000000298,0.9999999999997438,484.89651001929974
434,664.5686852556648,-8.000000000000114,0.9999999999999254,666.5686852556648
435,615.2086227854011,-11.00000000000017,-4.0,615.2086227854011
436,618.2591817901608,-12.486060606060732,6.394884621840902e-14,619.2591817901608
437,623.2217318757043,-11.999999999999886,2.0,624.2217318757043
438,619.7814089864163,-10.0,-0.9999999999998521,624.7814089864162
439,535.0683756538369,-10.000000000000057,0.9999999999998752,535.0683756538369
440,583.9610321695259,-10.999999999999886,-1.0,583.9610321695259
441,602.1386430323952,-9.485847525602026,-4.000000000000099,607.1386430323952
442,619.3434538303925,-14.999999999999801,-1.0000000000000326,619.3434538303925
443,595.7652463088119,-10.00000000000054,-5.000000000000079,595.7652463088119
444,610.9314321459211,-12.0,-1.000000000000012,612.9314321459211
445,483.53387290277067,-18.000000000000227,0.9999999999999223,485.53387290277067
446,581.7119322198829,-12.99999999999983,-2.0,582.7119322198829
447,495.35866531502677,-9.999999999999659,-4.999999999999851,495.35866531502677
448,557.9032009806689,-12.0,-1.0,560.9032009806689
449,571.8693950482217,-13.0,-1.0,571.8693950482217
450,561.9738571335295,-12.000000000000057,3.810285420513537e-13,565.6897341399111
451,543.5929085635972,-13.469337815665995,2.0,543.5929085635972
452,632.9902583002468,-11.0,-2.0,634.3813527919857
453,561.7161477759864,-14.000000000000455,-3.0,563.7161477759863
454,574.8299702954952,-15.0,-1.0,574.8299702954952
455,561.1954608757334,-10.0,-1.0000000000000029,561.1954608757334
456,529.7587716685458,-10.999999999999844,-5.0,530.7587716685459
457,552.9384907441122,-11.0,2.0000000000000955,553.9384907441122
458,575.4263386406199,-11.48934934463523,-1.0,578.4263386406196
459,427.99685666736895,-12.0,2.000000000000056,428.99685666736895
460,640.8333105587714,-9.000000000000057,-2.0,642.8333105587714
461,519.8100956381243,-15.0,2.0,519.8100956381243
462,606.3097544096702,-9.999999999999886,-2.0,609.3097544096702
463,540.4585145172775,-12.000000000000085,-2.0,540.4585145172775
464,527.4497726600671,-10.000000000000043,-3.0,528.4497726600671
465,568.5931155246134,-11.000000000000114,-0.4903603577359431,570.5931155246133
466,618.8089575778932,-10.0,-0.4860606060605459,618.8089575778932
467,636.3752007627511,-20.187473064214913,2.0,636.3752007627511
468,565.3441804099032,-11.0,2.0,568.3441804099032
469,575.7735251185344,-15.485847525602026,2.0,575.7735251185344
470,645.6370332121725,-10.0,9.14823772291129e-14,645.6370332121725
471,617.3373231345986,-12.0,-1.907363156306019e-13,618.3373231345986
472,544.8707774998829,-11.000000000000057,-2.000000000000127,544.8707774998829
473,589.5054608659394,-10.0,-2.673533670275157,590.5054608659394
474,453.0555988598374,-14.0,1.999999999999913,459.2883223840505
475,665.0240135977617,-15.0,2.000000000000146,667.0240135977617
476,639.7567638100467,-11.999999999999574,-3.0,644.6147023132372
477,561.8704734440714,-14.999999999999517,-1.0000000000000562,562.8704734440714
478,569.5583861239708,-13.0,-4.0,570.5583861239708
479,520.3464359175141,-14.999999999999645,-1.0,522.3464359175141
480,647.2000438258386,-14.000000000000277,1.1420614968090925,647.2000438258386
481,570.6392382912328,-14.0,-1.00000000000017,572.6392382912328
482,626.265834618612,-11.0,-1.0,626.265834618612
483,615.7668325985661,-16.000000000000114,-1.0,615.7668325985661
484,596.7113329567694,-14.0,-1.0,598.7113329567694
485,549.2566638940485,-12.000000000000114,-1.0,561.2566638940486
486,634.0750331190345,-10.999999999999886,2.877698079828406e-13,638.0750331190345
487,567.0018844974971,-10.722461817055716,-3.999999999999802,573.0018844974971
488,576.767085039444,-10.000000000000256,2.0,576.767085039444
489,496.61705808608934,-16.999999999999545,-3.0,496.61705808608934
490,638.9990645891004,-10.0,1.0,644.9990645891004
491,534.5498366005899,-12.000000000000142,1.9999999999998752,537.5498366005899
492,512.6843968531585,-16.486060606060732,-2.0,512.6843968531585
493,596.5549855189905,-13.0,-1.0,597.5549855189905
494,520.9208494357646,-13.000000000000057,2.0,521.9208494357646
495,598.29513917957,-8.0,1.0,601.2951391795701
496,580.7476098202109,-22.819805421743865,0.9999999999997908,583.7476098202109
497,536.0199740428612,-11.0,-1.0,536.0199740428613
498,590.3796250458395,-9.999999999999915,-1.0,594.3796250458395
499,581.5198530224942,-11.0,-3.0,581.5198530224942
500,490.59773882497456,-17.0,-1.0,495.59773882497456
501,514.1955367925641,-9.0,0.0,519.1955367925639
502,470.69010404167,-14.999999999999972,0.9999999999997353,470.69010404167
503,586.8346760337504,-11.000000000000398,-4.414949628953844,586.8346760337504
504,591.6484318108878,-10.0,-3.0,593.6484318108878
505,654.252135460653,-16.000000000000043,1.0000000000001226,655.252135460653
506,589.2428298328258,-10.0,-3.426813293934927,590.2428298328258
507,553.4444704843319,-12.999999999999716,-1.0323049652189313,554.4444704843319
508,648.2621984369922,-11.000000000000114,2.00000000000014,649.2621984369922
509,580.8002538340031,-12.000000000000156,0.0,580.8002538340031
510,619.104782792217,-14.0,-1.0,619.104782792217
511,572.5823702341842,-16.0,-2.999999999999938,572.5823702341842
512,560.8985993115963,-14.00000000000037,-5.000000000000056,560.8985993115963
513,602.100970573527,-12.000000000000114,-1.0,607.1009705735269
514,546.7587366335375,-10.650114902807786,0.9909591110152147,550.7587366335373
515,591.5670233016779,-17.000000000000114,-1.0,599.567023301678
516,571.9032629436175,-9.00000000000017,-1.0,575.9032629436174
517,478.76562810064473,-18.999999999999886,-6.0,495.7656281006446
518,554.3164926800328,-11.999999999999943,1.9999999999997757,555.3164926800328
519,625.2416453834879,-12.000000000000284,0.9999999999997857,625.2416453834879
520,481.5046641979674,-20.00000000000003,-1.9999999999997669,484.50466419796726
521,565.6077005085803,-13.0,1.0000000000002043,567.6077005085803
522,456.3093797953573,-16.999999999999964,-1.0,457.3093797953573
523,634.2038961989082,-7.2916660493370955,-4.000000000000092,634.2038961989082
524,676.2575041180172,-12.999999999999886,0.0,677.2575041180172
525,564.1654995936519,-13.999999999999773,-4.0,565.1654995936518
526,543.7551293774827,-11.999999999999915,-3.9999999999999427,543.7551293774827
527,598.8180944356372,-10.391094491739182,-3.9999999999999134,598.8180944356372
528,660.2504898509868,-10.0,-3.000000000000191,660.2504898509868
529,507.78544270251024,-9.000000000000341,1.999999999999833,508.78544270251024
530,588.6519728467869,-13.4268132939348,-3.0,588.6519728467869
531,526.8757090927666,-11.746875998610676,-3.0,526.8757090927666
532,566.418789426832,-10.0,1.5187850976872141e-13,566.418789426832
533,614.0943546769547,-13.045411567405552,2.3092638912203256e-13,615.0943546769547
534,679.9186177159773,-10.0,1.0,679.9186177159773
535,637.5541843267862,-10.414949628954162,2.000000000000126,637.5541843267862
536,609.5710728803059,-11.485847525601969,2.0,611.5710728803059
537,576.4722158882286,-12.999999999999886,2.0,577.4722158882286
538,572.1718818329567,-14.000000000000068,-3.999999999999962,575.0416317131675
539,525.003390598218,-9.999999999999943,-1.0,525.003390598218
540,664.4169867900441,-12.000000000000114,-3.000000000000165,664.4169867900441
541,608.3406547331509,-14.391094491738954,-4.999999999999963,608.3406547331509
542,579.7025998900602,-11.000000000000114,-6.000000000000139,585.7025998900604
543,522.927443424616,-13.999999999999886,-1.000000000000031,523.9274434246161
544,522.8048980991969,-13.000000000000028,-5.000000000000124,523.8048980991969
545,562.7595027212678,-11.485847525602253,-1.0,574.2453502468701
546,668.7290861195854,-9.869749880210861,1.9999999999998268,670.7290861195854
547,642.0492580018981,-13.00000000000017,1.9999999999998954,642.0492580018981
548,666.9358846120457,-10.00000000000017,-1.603162047558726e-13,668.9358846120458
549,638.5689125564649,-10.999999999999858,1.000000000000063,640.5689125564649
550,595.3850560235435,-12.999999999999915,1.0,600.3850560235433
551,621.5037295868829,-11.49036035773588,0.9999999999999023,626.5037295868829
552,665.4913883088907,-10.000000000000114,-2.0,665.4913883088907
553,570.9193441737441,-15.0,2.0000000000000995,573.9193441737441
554,547.2688475288253,-13.999999999999716,2.0,547.2688475288253
555,521.5660373354578,-12.999999999999943,-2.0,522.5660373354578
556,581.2895918672925,-10.0,-3.5462443591583424,584.2895918672925
557,597.0694495828672,-15.000000000000114,-1.425526363618701e-13,597.0694495828672
558,597.6003008223303,-15.000000000000284,-4.0,603.6003008223303
559,633.9591825816665,-9.0,2.000000000000073,633.9591825816665
560,654.9256927250037,-13.000000000000057,2.0,654.9256927250037
561,573.8948868242322,-13.999999999999545,-1.0,573.8948868242322
562,655.8418678078885,-13.0,-1.0,657.8418678078888
563,627.4519586887719,-9.490360357735497,2.0000000000002256,629.4519586887719
564,528.5366328352071,-11.000000000000114,1.0000000000003153,530.5366328352072
565,529.8537128009789,-13.000000000000227,-2.0,531.8537128009787
566,536.2361595544833,-14.999999999999943,-1.0,542.2361595544833
567,642.8107554334167,-10.486060606060676,-0.4903603577360607,644.8107554334167
568,528.2110869344117,-13.999999999999943,1.5106506553646284,528.2110869344117
569,522.197576563903,-15.000000000000426,-4.0,522.197576563903
570,551.4464024134368,-11.999999999999773,-4.000000000000117,561.4464024134368
571,579.86662342345,-15.69626013569416,-1.0,579.86662342345
572,506.9448744837489,-12.032091884760376,-1.0,510.94487448374855
573,510.5597643364463,-17.0,-5.000000000000098,510.5597643364463
574,601.4595608811519,-13.99999999999929,-2.0,611.4595608811519
575,618.4250727368709,-14.999999999999886,1.0000000000000604,619.4250727368709
576,611.5925878683408,-15.000000000000398,0.9999999999998535,611.5925878683408
577,598.4156754105396,-11.999999999999972,2.0,599.4156754105396
578,595.2073583158939,-12.9999999999999,-3.000000000000271,598.2073583158939
579,610.6167343307764,-11.0,-3.0,615.6167343307765
580,572.2698779315305,-14.009040888984487,-1.9999999999999423,577.2698779315305
581,589.7403183971886,-9.722461817055603,-3.0,589.7403183971886
582,570.9796964246464,-17.546244359158102,1.0,575.9796964246464
583,537.246787983487,-18.000000000000057,2.0,538.246787983487
584,478.8628483166192,-12.00000000000006,2.000000000000091,481.8628483166192
585,646.4881741745742,-13.00000000000016,-1.0,646.4881741745742
586,577.2254230391658,-12.0,-1.0,579.2254230391658
587,636.120226337455,-10.999999999999794,2.0000000000001474,641.120226337455
588,578.0503268126782,-9.999999999999659,-4.999999999999894,579.0503268126782
589,642.3072699636456,-11.99999999999929,1.9999999999999,642.3072699636456
590,525.8169400981192,-13.000000000000412,0.5106506553644934,532.8169400981191
591,520.5413975318659,-17.000000000000185,-3.9999999999997735,520.5413975318659
592,573.7327487367382,-12.0,-4.0,573.7327487367382
593,494.5338023228474,-12.0,-1.0,496.5338023228474
594,541.7951162896718,-10.000000000000185,-5.0,543.7951162896718
595,609.7182098836769,-14.0,1.0000000000000506,609.7182098836769
596,610.8978876523146,-10.0,-1.0,615.8978876523146
597,601.5340150073248,-11.000000000000227,1.000000000000124,607.8256810566621
598,566.9614883523706,-10.0,-0.4903603577351845,571.9614883523706
599,630.0688120587228,-10.999999999999844,2.0,630.0688120587228
600,645.4013496163573,-14.485847525601912,-2.0,645.4013496163573
601,569.3671647861624,-13.99999999999929,-2.0,571.3671647861624
602,554.9700743411555,-15.000000000000114,-3.9999999999997833,555.9700743411555
603,594.2091182064667,-14.0,-2.5623947408348613e-13,594.2091182064667
604,535.7867432703774,-10.485847525602168,2.0294876890147862e-13,538.7867432703774
605,508.40681991918126,-13.0,-4.565237077258644e-13,508.40681991918126
606,534.7461003413522,-14.0,1.999999999999969,534.7461003413522
607,584.9132009293724,-12.0,2.0,584.9132009293724
608,486.54498547968683,-14.0,-5.999999999999422,486.54498547968683
609,581.8780153981447,-9.0,-1.0,582.8780153981447
610,650.2966328837797,-12.0,-1.0,650.2966328837797
611,622.651068610068,-9.00000000000037,0.9999999999998825,623.651068610068
612,584.0417495834222,-14.000000000000114,-2.0,584.0417495834222
613,645.802335854302,-11.999999999999943,2.0,648.8023358543018
614,628.40791832727,-9.999999999999886,-3.0,629.40791832727
615,553.0389596332514,-17.000000000000114,-0.9999999999998446,553.0389596332514
616,472.63670761256043,-22.39109449173904,-5.0,478.52290359934483
617,523.4854205299074,-18.0,2.0000000000000995,523.4854205299074
618,521.7933383324869,-11.000000000000142,-5.999999999999602,521.7933383324869
619,502.5708470250476,-10.746875998610534,2.0000000000000835,504.5708470250476
620,527.2331452402735,-11.999999999999751,-5.999999999999956,527.2331452402735
621,632.1936385724294,-13.000000000000114,2.682298827494378e-13,632.1936385724294
622,590.4782967559261,-10.0,-4.0,597.4782967559261
623,616.322081241525,-9.81980542174432,-1.0,617.322081241525
624,408.3460941302505,-13.187473064214942,-2.0,408.3460941302505
625,592.119357024624,-9.999999999999943,0.0,595.119357024624
626,506.76928142088065,-11.0,-3.819805421743556,506.76928142088065
627,622.4991802371404,-11.0,-0.48606060606050616,627.4991802371404
628,621.9402505587952,-14.999999999999957,-3.999999999999928,621.9402505587952
629,631.1210370720854,-11.0,1.9909591110154352,636.1210370720854
630,553.7326709482394,-16.000000000000114,-1.0000000000000682,554.7326709482394
631,621.9064674104959,-15.0,0.9999999999998346,622.9064674104959
632,527.0044311606243,-12.000000000000142,1.0,528.0044311606246
633,608.8512776809338,-13.999999999999943,1.0,611.8512776809338
634,634.2844427146673,-11.999999999999773,-2.000000000000104,634.2844427146673
635,593.82325497583,-18.0,-1.0000000000000893,602.8232549758301
636,591.6407509108546,-11.000000000000064,-2.0,594.6407509108546
637,538.1594763797839,-11.41494962895402,-2.7224618170554615,540.1594763797841
638,592.3583861780071,-10.0,1.999999999999969,592.3583861780071
639,555.4380525090072,-11.000000000000114,-2.0,556.4380525090072
640,603.5885889865093,-10.000000000000227,-1.0,604.5885889865093
641,598.4938889459272,-9.0,-2.0,598.4938889459272
642,489.8319283753468,-13.739499760422177,-1.9999999999997682,490.8319283753468
643,574.8910928518508,-10.0,-1.0000000000000686,576.8910928518507
644,636.0001871214675,-10.0,-2.0,638.0001871214675
645,605.3446329279808,-14.999999999999773,-1.0000000000002836,606.3446329279808
646,419.4121493750727,-28.999999999999908,-6.0,420.4121493750727
647,678.0234578324602,-18.999999999999968,-6.000000000000031,680.0234578324602
648,600.2231900136479,-8.414949628953991,2.0,600.2231900136479
649,546.3830982907272,-14.000000000000057,-1.0,546.3830982907272
650,540.9162539287582,-11.000000000000568,1.199040866595169e-13,541.9162539287582
651,559.427565696115,-16.99999999999997,-3.869749880210736,559.427565696115
652,616.7379587226616,-11.0,2.0000000000000573,617.7379587226616
653,612.9447007354765,-9.000000000000085,-1.9999999999999196,616.9447007354765
654,522.6008601608374,-13.000000000000156,-1.0,525.6008601608374
655,608.6675689251387,-15.0,2.0,608.6675689251387
656,629.6089953879706,-21.469337815666726,-1.0,630.6089953879706
657,511.19776843971107,-14.000000000000057,2.0000000000001306,511.19776843971107
658,535.439715473604,-11.0,-2.9999999999998526,535.439715473604
659,550.3954428558226,-12.00000000000017,-6.0,555.3954428558229
660,595.3176807113754,-8.999999999999886,0.0,595.3176807113754
661,575.3985003306638,-12.0,-1.0000000000000993,579.3985003306638
662,539.7961936005053,-18.722461817055603,-2.0,540.7961936005053
663,564.1758254497432,-12.000000000000057,-2.0,567.1758254497432
664,591.7347454977095,-16.72246181705526,-2.0000000000000973,591.7347454977095
665,519.4215246083993,-16.9999999999998,1.000000000000067,523.4215246083992
666,616.6174672271998,-12.0,-1.0,617.6174672271994
667,594.330115671015,-13.0,-2.00000000000024,594.330115671015
668,527.8227719193532,-10.999999999999943,-4.0,530.822771919353
669,618.2694059505749,-12.485847525602082,-1.4903603577358684,619.2694059505749
670,626.9459688481172,-10.0,-5.0,626.9459688481172
671,601.4464516064528,-9.0,2.0,603.4464516064528
672,566.6391773965764,-9.99999999999983,-1.0,566.6391773965764
673,639.759773660612,-10.999999999999886,-1.0,640.7597736606122
674,517.4762581047509,-13.746875998610676,1.9999999999998157,517.4762581047509
675,635.5827040482758,-11.486060606060619,-4.0,640.5827040482758
676,595.5767404225857,-12.00000000000017,-2.0,600.5767404225854
677,524.6169816939498,-13.000000000000071,-1.0,525.6169816939498
678,598.3884799701609,-10.000000000000142,-1.0,601.3884799701609
679,628.6091943897841,-13.000000000000128,-4.999999999999756,638.609194389784
680,699.0990904766352,-10.999999999999886,-2.0,702.0990904766351
681,610.9360586343907,-16.000000000000114,-2.0,610.9360586343907
682,580.4119638106603,-12.999999999999886,-9.0,589.4119638106604
683,577.9468263894638,-14.187473064214629,-3.9999999999999707,579.9468263894638
684,678.5658204920946,-11.0,-2.0,682.5658204920948
685,613.1685737881284,-12.000000000000057,-1.0,614.1685737881284
686,597.2822282288653,-11.999999999999318,2.0,597.2822282288653
687,553.1026429765308,-13.722461817055546,-3.0,553.1026429765309
688,541.0003433116495,-12.000000000000181,-0.999999999999849,541.0003433116495
689,627.1365079841054,-13.417697258118238,-2.0,630.7025180000104
690,508.4221406592596,-18.0769281967423,0.8125269357850744,508.4221406592596
691,640.758426219977,-10.0,-0.5462443591582717,640.758426219977
692,560.1142800719784,-15.999999999999915,2.000000000000162,560.1142800719784
693,658.7593934460308,-10.000000000000057,-6.0,658.7593934460308
694,488.98481148957393,-16.42681329393463,-4.0,488.98481148957393
695,542.8516731269866,-18.210899913482592,-3.0,543.8516731269866
696,542.7364320358731,-16.00000000000017,-3.0,542.7364320358731
697,576.3777541589362,-16.000000000000014,-3.0,578.3777541589362
698,650.3500605000047,-8.0,-2.0,651.3500605000047
699,615.3847780142642,-12.000000000000114,-1.0,615.3847780142642
700,558.8832333986002,-15.0,0.0,560.8832333986004
701,639.2931421475224,-9.0,-9.836575998178887e-14,644.293142147522
702,601.4123515531642,-12.999999999999886,-1.0,603.4123515531642
703,578.8803549837776,-18.00000000000027,2.0,579.8803549837774
704,594.2414381533217,-8.000000000000142,-1.0,595.2414381533217
705,519.0300085391808,-14.000000000000014,-2.0,519.0300085391808
706,596.4003687755794,-11.980720715471818,-1.0,596.4003687755794
707,525.8829246656815,-15.0,1.0000000000001705,529.8829246656813
708,600.0961316869428,-12.0,-2.0,600.0961316869428
709,631.5054447400859,-12.0,0.9999999999997886,631.5054447400861
710,482.9136373086121,-15.722461817055262,-1.0,482.9136373086121
711,596.5361308830787,-11.000000000000114,-2.000000000000181,596.5361308830787
712,667.3655175991245,-12.000000000000114,-8.000000000000185,670.3655175991245
713,663.7054769586098,-9.0,-2.0,663.7054769586098
714,641.6564221881282,-11.009040888984643,-2.0,641.6564221881282
715,514.5455895861156,-16.9999999999999,-3.000000000000052,519.5455895861157
716,532.4181442045755,-11.0,-8.000000000000185,534.4181442045755
717,609.2928954288589,-10.999999999999943,-7.000000000000126,611.2928954288589
718,667.7828022721169,-12.546244359157868,-1.0,673.782802272117
719,649.504542345472,-12.0,-5.9999999999995115,649.504542345472
720,564.1921881759984,-12.85793850319078,-1.9999999999999,564.1921881759984
721,688.9269108056269,-11.0,1.99999999999988,688.926910805627
722,640.2769781272431,-9.0,-3.0,643.2566878296144
723,585.2179841984452,-9.54624435915781,-1.0,587.2179841984452
724,551.609530308919,-13.999999999999915,2.0,552.609530308919
725,589.0641001828299,-10.999999999999886,1.0,589.0641001828299
726,633.7833978553491,-12.000000000000227,1.9999999999998905,633.7833978553491
727,586.7316801244069,-12.0,-7.000000000000142,586.7316801244069
728,640.0235233533559,-11.999999999999801,-3.0,644.0235233533559
729,483.7647398569118,-15.731502706040317,-7.0,484.7647398569117
730,619.8870676269914,-11.0,-2.000000000000192,621.8870676269914
731,604.7161637964174,-9.857938503190411,1.0,606.7161637964174
732,501.2202538890792,-12.485847525602026,-3.0,502.2202538890792
733,574.8523019909402,-11.999999999999886,-1.0,574.8523019909402
734,505.0284426384272,-20.0,-3.000000000000066,505.0284426384272
735,525.7349179957461,-11.9999999999999,2.0,527.7349179957462
736,618.4651093894956,-11.999999999999659,1.0000000000001377,619.4651093894956
737,607.1997990247094,-10.009040888984785,-7.000000000000185,611.5908935164482
738,541.0078631244379,-10.999999999999716,-3.9999999999998384,543.195336188653
739,548.9306738415827,-11.999999999999659,-1.0,549.9306738415827
740,545.0061270633283,-12.000000000000057,-1.0,546.0061270633283
741,608.9851673656611,-9.009040888984714,-4.0,611.9942082546459
742,523.3221623110559,-21.00000000000091,1.0000000000001457,524.3221623110559
743,498.16538248909603,-13.99999999999983,-2.391094491739026,499.16538248909603
744,539.3518575074468,-12.0,-3.0,540.3518575074468
745,566.9778866559667,-9.0,-0.9999999999997886,567.9778866559667
746,523.3295682444361,-13.000000000000227,0.9999999999998348,523.3295682444361
747,635.5785069397198,-13.0,2.000000000000123,643.5785069397194
748,617.5534183284425,-11.490360357735995,-1.0,619.5534183284425
749,552.6130710371409,-15.490360357735966,-1.0,561.613071037141
750,618.4002779526076,-10.00000000000017,-1.0,620.4002779526076
751,565.9433988322912,-19.000000000000068,-8.999999999999844,569.9433988322912
752,564.4633978336934,-12.999999999999744,0.0,565.4633978336934
753,486.8363613627364,-16.00000000000017,2.0000000000001457,486.8363613627364
754,522.1691913708411,-16.000000000000256,-3.0,524.1691913708411
755,531.2279364342851,-14.0,-2.000000000000105,531.2279364342851
756,651.2512977939035,-11.0,-2.0,655.2512977939035
757,624.4440267884643,-11.391094491738997,1.9999999999999096,625.4440267884643
758,596.255591340931,-16.781015393972183,-1.0,596.255591340931
759,513.140818369234,-13.746875998610449,-5.819805421743682,515.1408183692337
760,651.790065450721,-11.0,-2.000000000000181,651.790065450721
761,614.3520871319059,-16.999999999999943,-2.0,614.3520871319059
762,637.7470824485481,-11.0,-1.9999999999998694,637.7470824485481
763,582.1243979310516,-15.74687599861025,-2.0,584.1243979310516
764,499.21198832181426,-15.696260135694274,0.0,499.21198832181426
765,583.4929934074756,-12.999999999999702,2.0,583.4929934074756
766,529.3151932311749,-14.0,1.0000000000000573,529.3151932311749
767,622.6922702065021,-14.0,-0.9999999999998601,624.6922702065021
768,505.83495690787623,-14.000000000000114,-3.0,505.83495690787623
769,612.0199154447001,-13.000000000000057,-3.0,612.0199154447001
770,610.661330292066,-11.722461817055262,-2.9999999999998046,612.661330292066
771,566.6313132836223,-14.000000000000227,-4.000000000000399,567.6313132836223
772,512.2844091475738,-12.000000000000227,2.0,514.2844091475738
773,548.8894890635056,-17.746875998610108,2.0,550.8894890635055
774,538.644925864423,-19.23293660467135,-2.0,539.644925864423
775,658.611330881485,-10.0,-2.0,660.611330881485
776,547.6276047229784,-10.000000000000117,-6.426813293934927,548.6276047229784
777,594.4609382607133,-10.0,2.0,594.4609382607133
778,642.0679007736315,-10.999999999999659,-1.0524914273446484e-13,642.0679007736315
779,519.0004320810626,-11.000000000000284,-5.0,521.0004320810626
780,491.32272720879774,-23.999999999999773,-3.0,507.3227272087971
781,498.69785577097906,-11.0,2.0000000000000866,501.6978557709793
782,632.834162721789,-11.490360357735653,-2.0,633.8341627217889
783,620.3347760206925,-10.0,-2.0,620.3347760206925
784,579.4981244093237,-12.99999999999973,-2.0,579.9249377032589
785,604.5439153863559,-10.000000000000156,0.9999999999999389,610.543915386356
786,565.380760568641,-12.000000000000057,-1.0,566.380760568641
787,520.342228076408,-10.0,1.9999999999999174,521.342228076408
788,546.8717885659868,-12.999999999999858,-3.9999999999998526,547.8717885659868
789,621.8699023495224,-13.000000000000398,-2.9999999999998685,621.8699023495224
790,477.95152830012444,-12.0,-3.000000000000009,477.95152830012444
791,500.56560646542516,-11.99999999999904,-1.999999999999854,504.56560646542505
792,572.7132234379654,-15.819805421743467,1.0,574.7132234379654
793,651.373890548924,-11.0,-1.0,654.373890548924
794,503.97288548351287,-18.999999999999773,2.0000000000001035,504.97288548351287
795,545.4143200406153,-12.0,-2.0,545.4143200406153
796,537.620788490594,-18.0,-0.999999999999877,537.620788490594
797,664.7426795080038,-13.000000000000371,-3.414949628954636,666.1337739997423
798,530.3559425395546,-22.0,-1.0,532.3559425395546
799,533.9212482947474,-11.999999999999673,2.00000000000016,533.9212482947476
800,528.7765462539579,-12.48606060606079,-2.0,529.7765462539579
801,569.7793686309757,-13.999999999999886,1.999999999999869,570.7793686309757
802,553.9829643265149,-12.0,1.0,554.9829643265149
803,553.288006059466,-10.0,-2.0,560.2880060594659
804,660.9599549475358,-9.0,1.0,660.9599549475358
805,568.9652533357141,-11.000000000000455,-3.485847525602086,570.9652533357141
806,632.0436708538946,-10.000000000000114,-3.0,632.0436708538946
807,440.7254557094938,-16.12307342962913,-7.419636603775187,446.7254557094938
808,538.0115580758079,-14.000000000000114,-2.0,539.0115580758079
809,520.1564804350728,-24.999999999999716,-2.0,520.1564804350728
810,551.7080947462663,-11.0,-1.0,551.7080947462663
811,603.973720510157,-18.000000000000114,2.0000000000001457,604.973720510157
812,581.9302999552237,-8.86974988021089,-2.0,582.9302999552237
813,547.1218907309658,-12.999999999999886,-2.009040888984785,547.1218907309658
814,595.3293203600577,-10.0,-8.999999999999774,599.3293203600577
815,537.3917452506337,-14.000000000000057,-3.0,537.3917452506337
816,635.0689071046241,-10.000000000000176,-3.9999999999998135,638.0689071046241
817,575.9887185276276,-9.0,-1.0,576.9887185276276
818,680.2725789797233,-10.0,1.5823027418818583,680.2725789797233
819,512.2709787772042,-13.0,-4.0,514.2709787772042
820,507.37446349692283,-12.999999999999773,2.0,508.37446349692283
821,541.7540971878066,-13.000000000000057,-2.0,547.7540971878065
822,589.476942907586,-14.0,-1.0,591.476942907586
823,610.3947962942941,-9.999999999999886,-5.0,614.8097459232481
824,593.0719216266403,-11.000000000000028,-1.0,602.0719216266403
825,597.5779396035773,-10.0,-2.0,598.5779396035773
826,547.9571850634451,-11.000000000000128,-1.0,548.9571850634451
827,604.8701503164882,-11.414949628954218,1.0,604.8701503164882
828,555.1599804302924,-9.000000000000085,-3.9999999999998623,555.1599804302924
829,625.0289126533885,-12.490360357735995,-7.0,625.0289126533885
830,649.3949508277736,-11.999999999999602,-1.0,649.3949508277736
831,535.9396695605475,-12.0,-1.0,535.9396695605475
832,512.2556979157176,-18.00000000000017,-1.0,514.2556979157176
833,619.6882756702784,-10.0,0.0,619.6882756702784
834,683.8926453612187,-10.0,1.0,683.8926453612187
835,508.76613837224517,-10.0,1.0000000000001354,510.76613837224517
836,569.8182676805772,-9.00000000000015,-2.0,570.8182676805772
837,616.1620248839679,-9.000000000000114,2.0,616.1620248839679
838,627.2557620956284,-9.999999999999943,2.0,628.2557620956284
839,541.2155758207676,-13.999999999999986,-9.0,547.2155758207676
840,619.9417837538126,-10.0,-1.765254609153999e-13,620.9417837538126
841,685.6352565374559,-8.0,-2.0,687.05020616641
842,489.12846105708263,-12.490360357735767,-5.3512749786932545e-14,490.12846105708263
843,553.9321771093732,-11.999999999999943,-5.0,555.9321771093732
844,532.4942610653342,-15.0,1.9999999999997857,532.4942610653342
845,586.1243987066334,-11.000000000000341,-1.0,586.1243987066334
846,581.900705523153,-13.999999999999488,2.0,583.9007055231529
847,579.7864379840344,-12.000000000000114,1.9999999999999465,579.7864379840344
848,569.0715107884425,-13.4268132939348,2.0,569.0715107884425
849,590.3047807767928,-9.0,1.142061496809227,590.3047807767928
850,628.0230820879327,-13.000000000000227,-4.0,632.0230820879327
851,506.3537577087055,-16.000000000000114,0.999999999999869,507.3537577087055
852,581.6334697610732,-12.310165779479519,-1.0,583.6334697610735
853,639.8699986078473,-13.0,-2.0,645.8699986078473
854,642.327912039929,-14.99999999999983,-4.000000000000098,643.327912039929
855,595.8226445272646,-9.0,-1.0,595.8226445272646
856,575.9024278515908,-12.000000000000455,-4.0,575.9024278515908
857,754.2149031204335,-9.0,2.0000000000000786,755.2149031204335
858,615.5857626354122,-9.999999999999801,-1.0,617.5857626354123
859,519.0211565474693,-11.00000000000016,-5.0,520.0211565474693
860,644.0999746081346,-11.0,-2.000000000000109,644.0999746081346
861,557.2472932179395,-13.0,-5.0,561.2472932179395
862,589.9729483775318,-13.0,-1.2678746941219288e-13,592.9729483775318
863,499.50384923661545,-14.000000000000057,1.0000000000001408,500.50384923661545
864,607.1108942992631,-16.857938503190724,-5.000000000000197,609.1108942992628
865,512.8261556522596,-13.999999999999886,-3.000000000000248,512.8261556522596
866,598.9240672273048,-9.417697258117869,-2.0000000000000933,600.9240672273048
867,625.2897350521204,-11.722461817055603,2.0,625.2897350521204
868,580.2660677585692,-10.0,-2.000000000000097,586.2660677585692
869,553.6635031327545,-13.0,-1.0,554.6635031327545
870,641.3421297148616,-9.0,-1.0000000000001505,642.3421297148616
871,629.0594433955793,-13.999999999999659,1.0,632.0594433955793
872,609.8039575530244,-11.0,-2.0000000000001386,612.8039575530244
873,585.329881001675,-17.00000000000025,2.0,585.329881001675
874,529.9989588630307,-12.000000000000114,-2.0,530.9989588630311
875,580.2042038241024,-10.000000000000114,2.469136006766348e-13,583.2042038241024
876,602.0928901418744,-9.0,1.0,602.0928901418744
877,578.2485625755382,-10.0,-2.0,580.2485625755382
878,500.6414307614889,-16.0,-3.0,503.6414307614889
879,530.8491096723664,-12.000000000000114,-1.0,532.8491096723664
880,611.7487911756758,-10.999999999999659,-2.0,613.7487911756758
881,506.1442478156814,-11.485847525602082,-1.0,506.1442478156814
882,507.73239850126066,-13.999999999999844,2.0,509.7323985012608
883,563.0175432020309,-9.000000000000057,-2.9999999999999867,567.7400050190862
884,550.8775021302012,-11.0,-2.0,552.527617033009
885,593.8818775243303,-15.999999999999886,2.000000000000085,595.8818775243303
886,498.88004725623455,-12.391094491739047,-4.391094491739059,498.88004725623455
887,574.5748238435035,-10.00000000000017,-2.0,574.5748238435035
888,630.7063974635953,-9.0,-3.0000000000001967,633.7063974635953
889,562.1878681080552,-16.999999999999602,-2.0,563.1878681080552
890,631.2287237506213,-14.417697258118437,-1.0000000000001263,631.2287237506213
891,509.58433236580146,-16.0,2.0000000000000813,509.58433236580146
892,548.5107877145404,-11.000000000000114,-1.0,551.5107877145404
893,625.0834112533644,-12.000000000000188,-11.000000000000085,626.0834112533644
894,569.0325397078066,-21.000000000000284,-2.0,570.0325397078067
895,618.5299859842943,-11.000000000000227,-2.00000000000015,621.5299859842943
896,555.1355953745983,-9.999999999999943,-1.0,556.1355953745983
897,580.9506400142753,-12.000000000000053,-4.0,581.9506400142753
898,600.4863070338077,-12.000000000000057,-4.973799150320701e-14,601.486307033808
899,598.1345707986289,-11.0,-1.0,599.1345707986289
900,464.0976423812436,-12.0,-3.0000000000000973,467.58348990684567
901,485.94302772751814,-16.99999999999966,-0.9999999999998739,485.94302772751814
902,604.2684832321918,-15.0,-4.0,606.2684832321918
903,614.3251682603784,-9.650114902808014,-7.0,619.3251682603784
904,559.4954660420537,-10.391094491738976,-4.391094491738594,562.4954660420537
905,601.6422991243891,-11.0,-4.000000000000079,603.6422991243891
906,529.1231469757025,-10.546244359158294,-2.0,529.1231469757025
907,635.8731113004108,-15.90805761585375,-2.0,635.8731113004108
908,601.751288496663,-12.0,-1.0,601.7512884966633
909,614.8460909260202,-11.187473064214828,-1.0,617.8460909260202
910,548.0904023874539,-12.426813293934856,-6.0,548.0904023874539
911,594.3663066690413,-15.999999999999886,-2.0000000000000515,596.3663066690413
912,505.05312680238967,-11.999999999999801,-3.0,505.05312680238967
913,616.4401693994373,-11.0,-2.0,616.4401693994373
914,553.6281947801796,-10.187473064214927,1.0,554.6281947801796
915,472.6462675354078,-17.999999999999886,-4.999999999999573,475.6462675354078
916,630.5170201735174,-11.000000000000114,-2.0,630.5170201735174
917,568.468896433398,-10.999999999999886,-7.426813293934755,569.468896433398
918,608.9904446965317,-9.000000000000426,-3.0,609.9904446965317
919,568.4595341308913,-12.0,-0.9999999999999338,568.4595341308913
920,619.6450778323161,-12.490360357736108,1.999999999999919,619.6450778323161
921,600.226462403408,-10.0,2.0,600.226462403408
922,544.9755678021844,-16.4893493446354,1.0,546.9755678021844
923,604.1928440772965,-11.0,2.0,604.2018849662813
924,599.8515010669952,-11.00000000000017,1.9999999999999258,599.8515010669952
925,578.1993634179445,-17.999999999999773,1.9999999999999067,581.1993634179445
926,502.54966137810766,-14.009040888984828,-6.000000000000015,502.54966137810766
927,623.8248393054622,-12.0,-1.0,625.8248393054622
928,505.68527736419134,-10.000000000000057,1.0,507.68527736419134
929,496.6155770203932,-10.0,-3.0,500.61557702039323
930,637.036549358806,-11.391094491739238,-6.000000000000218,637.036549358806
931,652.9693091530796,-13.007278485958835,-2.0,652.9693091530796
932,589.0694647139638,-10.426813293934742,0.9999999999999605,589.0694647139638
933,607.31575758614,-13.000000000000028,0.0,607.31575758614
934,527.3608641664647,-11.999999999999872,1.9999999999999016,529.3608641664647
935,430.50132893794296,-19.999999999999716,-3.0,433.50132893794296
936,594.1736449786952,-10.000000000000256,-6.000000000000137,595.1736449786952
937,624.4216706872941,-10.546244359158322,0.9999999999997993,624.4216706872941
938,507.65492533019005,-10.000000000000085,-1.0,507.65492533019005
939,616.31276697557,-11.0,-1.0000000000000673,617.3127669755698
940,593.0788848357423,-11.999999999999936,1.9999999999998839,594.0788848357424
941,574.7636215577292,-12.999999999999687,-2.0,576.7636215577292
942,512.9279793685306,-16.99999999999993,-2.9999999999999427,513.9279793685306
943,523.0334097099981,-13.999999999999915,-1.0000000000000853,523.0334097099981
944,608.8230611423935,-15.0,-15.0,616.5455229594486
945,555.1227272565177,-15.0,-4.0,556.1227272565177
946,661.5363301416825,-9.0,1.0000000000001,661.5363301416825
947,498.32649731984,-14.99999999999983,2.0,498.32649731984
948,537.2944406584236,-12.486060606060718,1.0000000000001066,540.2944406584236
949,567.649517488383,-10.9999999999999,-1.0,570.6495174883836
950,644.4632947167219,-11.0,2.0000000000001457,647.4632947167219
951,633.1986347708788,-16.000000000000114,2.0000000000000955,633.1986347708788
952,704.3945750933029,-13.0,-2.0,707.3945750933028
953,539.9723894571681,-20.490360357735938,1.9999999999998646,545.159862521383
954,641.1498752527576,-9.00904088898477,-2.0000000000000338,641.1498752527576
955,527.1154857842345,-17.000000000000142,1.0000000000001186,527.1154857842345
956,588.1194165247261,-10.999999999999886,2.877698079828406e-13,590.119416524726
957,505.33525964504395,-17.999999999999964,-2.0,508.33525964504395
958,511.2795282430583,-13.48584752560177,-1.0,511.2795282430583
959,558.452230075234,-14.0,-6.0,562.4522300752337
960,625.435667515699,-12.0,1.0080825063596421e-13,630.435667515699
961,574.6907217759078,-10.000000000000114,-3.0,574.6907217759078
962,542.5873664739051,-15.000000000000114,-0.4268132939349273,542.5873664739051
963,551.4640107516005,-13.0,-2.0,551.4640107516005
964,585.5114855119452,-22.519864783018306,0.9999999999998295,586.5114855119452
965,475.8800029999475,-13.999999999999886,-2.0,475.8800029999475
966,595.5622230167835,-12.0,-5.9999999999997,598.284684833839
967,611.111559071641,-15.0,-2.1874730642142177,617.111559071641
968,574.0275127122553,-13.0,-1.0,574.0275127122553
969,601.2741513414551,-12.0,2.0,604.2741513414551
970,580.7729010244601,-10.99999999999983,-5.0,580.7729010244601
971,541.993222495945,-10.0,-2.857938503190928,543.993222495945
972,500.1245580159445,-14.999999999999979,-4.869749880210991,500.1245580159445
973,552.1193522860998,-18.00000000000061,-1.9999999999999094,556.1193522860998
974,493.6273844485968,-12.0,-5.000000000000345,495.6273844485968
975,664.7992657773416,-11.486060606060619,0.0,667.7992657773415
976,604.8836051812225,-19.722461817055034,3.304023721284466e-13,604.8836051812225
977,586.2122355053839,-15.999999999999886,-2.0,586.2122355053839
978,524.0168301052504,-18.99999999999983,0.0,526.0168301052504
979,540.5163862110458,-14.00000000000017,1.9999999999998783,541.5163862110458
980,513.2589213097123,-15.187473064215197,-2.0,514.2589213097123
981,622.9805747589711,-11.9999999999999,-4.000000000000086,622.9805747589711
982,520.2244565290409,-14.0,0.999999999999913,527.2244565290408
983,482.9878753661387,-11.0,-5.000000000000103,486.1753484303532
984,546.6389692879585,-11.000000000000057,-1.0,548.6389692879585
985,505.6718912078747,-10.0,-2.0,511.6718912078747
986,578.7376655967872,-16.999999999999886,-2.999999999999903,578.7376655967872
987,591.9745286082963,-10.00000000000044,-6.869749880210886,594.9745286082963
988,589.9028206404232,-11.0,2.0,589.9028206404232
989,656.6886623234716,-11.000000000000114,-3.0,657.6886623234716
990,510.0440791510971,-12.000000000000114,0.2531240013896374,512.0440791510971
991,615.515967565466,-9.999999999999865,-1.0,615.515967565466
992,579.1456902153684,-11.000000000000085,-5.00904088898502,580.1456902153685
993,566.2755988753044,-11.0,1.0000000000000955,566.2755988753045
994,546.21308526472,-11.000000000000284,2.000000000000182,547.21308526472
995,527.8875357488223,-14.0,-1.0,528.8875357488223
996,606.9366596583693,-9.187473064214942,1.9999999999998543,608.9366596583691
997,494.8086232934052,-13.999999999999773,-4.0,496.8086232934052
998,625.748973126041,-8.999999999999915,0.9999999999998708,627.748973126041
999,568.8357949046863,-12.999999999999687,-0.3910944917388858,570.8357949046863
1000,570.8325889261827,-12.000000000000114,-2.0,576.8325889261824
