period,trades,wins,losses,total_r,average_r,largest_win_r,largest_loss_r,win_rate
2023-01,2,2,0,4.0,2.0,2.0,2.0,1.0
2023-02,3,3,0,6.0,2.0,2.0,2.0,1.0
2023-03,10,9,1,17.0,1.7,2.0,-1.0,0.9
2023-04,2,2,0,4.0,2.0,2.0,2.0,1.0
2023-05,4,4,0,8.0,2.0,2.0,2.0,1.0
2023-06,2,2,0,4.0,2.0,2.0,2.0,1.0
2023-09,2,2,0,3.699277886518625,1.8496389432593126,2.0,1.6992778865186253,1.0
2023-10,5,5,0,10.0,2.0,2.0,2.0,1.0
2023-11,3,3,0,4.453128730123141,1.4843762433743803,2.0,1.221457175870955,1.0
2023-12,10,10,0,18.112792791821228,1.8112792791821228,2.0,0.7272375844114987,1.0
2024-01,8,8,0,14.065483416795596,1.7581854270994495,2.0,0.6555338523756028,1.0
2024-02,2,2,0,4.0,2.0,2.0,2.0,1.0
2024-03,11,11,0,18.273923067649317,1.6612657334226653,2.0,0.4729774198097472,1.0
2024-04,23,21,2,35.8929393700223,1.5605625813053172,2.0,-1.0,0.9130434782608695
2024-05,20,18,2,25.430320926272174,1.2715160463136086,2.0,-1.0,0.9
2024-06,17,16,1,28.45326956582137,1.673721739165963,2.0,-1.0,0.9411764705882353
2024-07,14,14,0,25.48124128873598,1.8200886634811415,2.0,0.49981484420464084,1.0
2024-08,12,10,2,16.84547730829425,1.4037897756911875,2.0,-1.0,0.8333333333333334
2024-09,10,8,2,12.847053852045477,1.2847053852045476,2.0,-1.0,0.8
2024-10,16,15,1,24.80972366066869,1.5506077287917932,2.0,-1.0,0.9375
2024-11,27,27,0,46.67778045210486,1.7288066834112912,2.0,0.12343167175311605,1.0
2024-12,13,13,0,23.113800281738385,1.7779846370567989,2.0,0.27229393549286973,1.0
2025-01,17,16,1,27.86839038695706,1.6393170815857094,2.0,-1.0,0.9411764705882353
2025-02,16,15,1,27.774748153122832,1.735921759570177,2.0,-1.0,0.9375
2025-03,15,14,1,21.29714096905021,1.4198093979366808,2.0,-1.0,0.9333333333333333
2025-04,29,28,1,47.37174473827306,1.633508439250795,2.0,-1.0,0.9655172413793104
2025-05,22,21,1,37.62924158189765,1.7104200719044387,2.0,-1.0,0.9545454545454546
2025-06,28,27,1,47.291383077400184,1.6889779670500065,2.0,-1.0,0.9642857142857143
2025-07,15,13,2,24.0,1.6,2.0,-1.0,0.8666666666666667
2025-08,17,17,0,31.03070336654846,1.8253354921499094,2.0,0.5429820725841913,1.0
2025-09,20,19,1,34.758851099246534,1.7379425549623266,2.0,-1.0,0.95
2025-10,26,24,2,40.637228360768844,1.5629703215680324,2.0,-1.0,0.9230769230769231
2025-11,23,20,3,35.706234243381616,1.5524449671035485,2.0,-1.0,0.8695652173913043
2025-12,11,10,1,18.195995984055543,1.6541814530959584,2.0,-1.0,0.9090909090909091
2026-01,18,18,0,30.292209428605624,1.6829005238114236,2.0,0.2308776135161841,1.0
2026-02,18,16,2,27.704742281479923,1.5391523489711068,2.0,-1.0,0.8888888888888888
2026-03,37,34,3,62.42518787357569,1.68716723982637,2.0,-1.0,0.918918918918919
2026-04,17,17,0,34.0,2.0,2.0,2.0,1.0
2026-05,22,21,1,32.831419341912806,1.4923372428142185,2.0,-1.0,0.9545454545454546
2026-06,35,31,4,55.93833244384512,1.5982380698241463,2.0,-1.0,0.8857142857142857
2026-07,2,2,0,4.0,2.0,2.0,2.0,1.0
