entry_time,equity_r,drawdown_r
2023-06-27 07:15:00,2.0000000000001203,0.0
2023-06-27 12:30:00,1.0000000000001203,-1.0
2023-06-27 13:15:00,1.2034817586936697e-13,-2.0
2023-07-03 08:15:00,2.000000000000017,-1.0347278589506459e-13
2023-11-17 09:00:00,1.0000000000000169,-1.0000000000001035
2023-11-17 09:30:00,1.687538997430238e-14,-2.0000000000001035
2023-11-17 10:00:00,-0.9999999999999831,-3.0000000000001035
2023-11-17 10:30:00,0.9999999999999301,-1.0000000000001903
2023-11-20 17:45:00,2.99999999999993,0.0
2023-11-21 08:15:00,1.9999999999999298,-1.0
2023-11-21 08:45:00,0.9999999999999298,-2.0
2023-11-21 09:15:00,-7.016609515630989e-14,-3.0
2023-11-21 10:00:00,1.9999999999999298,-1.0
2023-11-22 08:15:00,3.99999999999993,0.0
2023-11-22 09:00:00,2.99999999999993,-1.0
2023-11-22 09:30:00,1.9999999999999298,-2.0
2023-11-22 10:00:00,4.000000000000011,0.0
2023-11-24 08:15:00,6.000000000000011,0.0
2023-11-24 12:30:00,5.000000000000011,-1.0
2023-11-24 13:00:00,4.000000000000011,-2.0
2023-11-24 16:00:00,5.999999999999938,-7.283063041541027e-14
2023-11-28 12:15:00,4.999999999999938,-1.0000000000000728
2023-11-28 12:45:00,3.999999999999938,-2.000000000000073
2023-11-28 13:15:00,2.999999999999938,-3.000000000000073
2023-11-28 13:45:00,1.9999999999999378,-4.000000000000073
2023-11-28 14:15:00,3.999999999999938,-2.000000000000073
2023-11-28 18:15:00,5.999999999999986,-2.4868995751603507e-14
2023-11-30 07:15:00,4.999999999999986,-1.0000000000000249
2023-11-30 07:45:00,3.999999999999986,-2.000000000000025
2023-11-30 08:15:00,5.999999999999986,-2.4868995751603507e-14
2023-12-01 04:15:00,7.999999999999986,0.0
2023-12-01 12:15:00,6.999999999999986,-1.0
2023-12-01 13:15:00,5.999999999999986,-2.0
2023-12-01 14:00:00,4.999999999999986,-3.0
2023-12-01 14:30:00,6.999999999999986,-1.0
2023-12-01 15:30:00,8.999999999999986,0.0
2023-12-04 03:30:00,10.999999999999986,0.0
2023-12-04 08:00:00,9.999999999999986,-1.0
2023-12-04 09:00:00,8.999999999999986,-2.0
2023-12-04 10:00:00,10.999999999999986,0.0
2023-12-04 14:15:00,9.999999999999986,-1.0
2023-12-05 08:15:00,8.999999999999986,-2.0
2023-12-05 08:45:00,11.00000000000006,0.0
2023-12-05 13:15:00,10.00000000000006,-1.0
2023-12-06 00:00:00,12.00000000000006,0.0
2023-12-06 00:30:00,11.00000000000006,-1.0
2023-12-06 01:00:00,10.00000000000006,-2.0
2023-12-06 01:30:00,9.00000000000006,-3.0
2023-12-06 02:00:00,8.00000000000006,-4.0
2023-12-06 03:00:00,9.708333950663027,-2.2916660493370333
2023-12-07 04:30:00,8.708333950663027,-3.2916660493370333
2023-12-07 05:15:00,10.708333950663027,-1.2916660493370333
2023-12-08 08:15:00,9.708333950663027,-2.2916660493370333
2023-12-08 08:45:00,8.708333950663027,-3.2916660493370333
2023-12-08 10:30:00,10.708333950663027,-1.2916660493370333
2023-12-08 14:00:00,12.708333950662967,0.0
2023-12-08 14:30:00,11.708333950662967,-1.0
2023-12-11 00:15:00,13.708333950662851,0.0
2023-12-11 02:15:00,15.708333950662851,0.0
2023-12-11 05:45:00,17.708333950662755,0.0
2023-12-11 08:15:00,16.708333950662755,-1.0
2023-12-11 08:45:00,18.708333950662755,0.0
2023-12-12 12:00:00,17.708333950662755,-1.0
2023-12-13 16:15:00,16.708333950662755,-2.0
2023-12-15 00:00:00,18.708333950662755,0.0
2023-12-15 09:15:00,17.708333950662755,-1.0
2023-12-15 10:45:00,19.708333950662677,0.0
2023-12-15 14:00:00,18.708333950662677,-1.0
2023-12-15 14:30:00,17.708333950662677,-2.0
2023-12-15 15:30:00,19.70833395066272,0.0
2023-12-18 12:15:00,18.70833395066272,-1.0
2023-12-18 15:00:00,17.70833395066272,-2.0
2023-12-18 15:30:00,19.70833395066272,0.0
2023-12-19 07:15:00,18.70833395066272,-1.0
2023-12-19 07:45:00,17.70833395066272,-2.0
2023-12-19 08:15:00,19.70833395066272,0.0
2023-12-19 13:30:00,18.70833395066272,-1.0
2023-12-19 14:15:00,20.708333950662816,0.0
2023-12-20 07:15:00,19.708333950662816,-1.0
2023-12-20 07:45:00,18.708333950662816,-2.0
2023-12-20 08:15:00,17.708333950662816,-3.0
2023-12-20 08:45:00,16.708333950662816,-4.0
2023-12-20 09:30:00,18.708333950662936,-1.9999999999998792
2023-12-20 10:45:00,20.708333950662823,0.0
2023-12-21 10:30:00,19.708333950662823,-1.0
2023-12-21 11:00:00,18.708333950662823,-2.0
2023-12-21 17:15:00,17.708333950662823,-3.0
2023-12-21 18:30:00,19.70833395066289,-0.9999999999999325
2023-12-21 23:45:00,21.70833395066289,0.0
2023-12-22 05:15:00,20.70833395066289,-1.0
2023-12-22 05:45:00,19.70833395066289,-2.0
2023-12-22 07:00:00,21.70833395066289,0.0
2023-12-26 16:00:00,23.70833395066289,0.0
2023-12-27 10:30:00,22.70833395066289,-1.0
2023-12-27 11:00:00,24.70833395066289,0.0
2023-12-27 13:00:00,23.70833395066289,-1.0
2023-12-27 13:30:00,25.70833395066289,0.0
2023-12-28 04:15:00,24.70833395066289,-1.0
2023-12-28 05:30:00,26.70833395066289,0.0
2023-12-29 07:15:00,28.70833395066289,0.0
2023-12-29 09:15:00,30.708333950662677,0.0
2023-12-29 10:45:00,29.708333950662677,-1.0
2023-12-29 11:15:00,28.708333950662677,-2.0
2023-12-29 11:45:00,27.708333950662677,-3.0
2024-01-02 08:15:00,26.708333950662677,-4.0
2024-01-02 09:15:00,25.708333950662677,-5.0
2024-01-02 10:00:00,27.708333950662503,-3.000000000000174
2024-01-02 12:00:00,29.70833395066264,-1.0000000000000355
2024-01-03 04:15:00,28.70833395066264,-2.0000000000000355
2024-01-03 05:00:00,27.70833395066264,-3.0000000000000355
2024-01-03 06:00:00,26.70833395066264,-4.0000000000000355
2024-01-03 06:30:00,25.70833395066264,-5.0000000000000355
2024-01-03 07:15:00,24.70833395066264,-6.0000000000000355
2024-01-03 07:45:00,23.70833395066264,-7.0000000000000355
2024-01-03 08:30:00,25.70833395066264,-5.0000000000000355
2024-01-03 10:00:00,27.708333950662805,-2.999999999999872
2024-01-03 12:00:00,29.708333950662738,-0.9999999999999396
2024-01-08 03:30:00,31.708333950662738,0.0
2024-01-08 05:30:00,33.708333950662734,0.0
2024-01-08 06:00:00,32.708333950662734,-1.0
2024-01-08 06:30:00,34.708333950662734,0.0
2024-01-08 11:45:00,33.708333950662734,-1.0
2024-01-09 14:15:00,35.708333950662734,0.0
2024-01-10 00:30:00,34.708333950662734,-1.0
2024-01-10 01:00:00,33.708333950662734,-2.0
2024-01-10 02:00:00,32.708333950662734,-3.0
2024-01-10 02:45:00,31.708333950662734,-4.0
2024-01-10 03:15:00,30.708333950662734,-5.0
2024-01-10 03:45:00,29.708333950662734,-6.0
2024-01-10 10:15:00,30.21797359292679,-5.490360357735945
2024-01-12 04:15:00,29.21797359292679,-6.490360357735945
2024-01-12 04:45:00,28.21797359292679,-7.490360357735945
2024-01-12 06:00:00,27.21797359292679,-8.490360357735945
2024-01-12 06:45:00,26.21797359292679,-9.490360357735945
2024-01-12 07:30:00,25.21797359292679,-10.490360357735945
2024-01-12 08:00:00,27.21797359292679,-8.490360357735945
2024-01-16 04:15:00,26.21797359292679,-9.490360357735945
2024-01-16 07:15:00,25.21797359292679,-10.490360357735945
2024-01-16 07:45:00,24.21797359292679,-11.490360357735945
2024-01-16 08:15:00,23.21797359292679,-12.490360357735945
2024-01-16 08:45:00,25.2179735929267,-10.490360357736034
2024-01-16 13:45:00,27.217973592926647,-8.490360357736087
2024-01-17 12:15:00,26.217973592926647,-9.490360357736087
2024-01-17 13:00:00,28.217973592926647,-7.490360357736087
2024-01-17 14:00:00,30.21797359292671,-5.490360357736023
2024-01-19 04:15:00,29.21797359292671,-6.490360357736023
2024-01-19 04:45:00,28.21797359292671,-7.490360357736023
2024-01-19 05:45:00,30.217973592926878,-5.490360357735856
2024-01-22 01:15:00,32.21797359292688,-3.4903603577358524
2024-01-22 04:00:00,31.21797359292688,-4.490360357735852
2024-01-22 12:45:00,33.21797359292679,-2.4903603577359448
2024-01-23 00:30:00,32.21797359292679,-3.4903603577359448
2024-01-23 01:00:00,31.21797359292679,-4.490360357735945
2024-01-23 01:30:00,30.21797359292679,-5.490360357735945
2024-01-23 02:00:00,29.21797359292679,-6.490360357735945
2024-01-23 02:30:00,28.21797359292679,-7.490360357735945
2024-01-23 03:15:00,30.217973592926654,-5.49036035773608
2024-01-23 04:30:00,29.217973592926654,-6.49036035773608
2024-01-24 12:15:00,28.217973592926654,-7.49036035773608
2024-01-24 13:00:00,27.217973592926654,-8.49036035773608
2024-01-24 13:30:00,29.21797359292657,-6.490360357736165
2024-01-25 00:00:00,31.21797359292657,-4.490360357736165
2024-01-29 02:00:00,31.826879101187682,-3.881454849475052
2024-01-29 11:15:00,30.826879101187682,-4.881454849475052
2024-01-29 11:45:00,29.826879101187682,-5.881454849475052
2024-01-29 18:45:00,28.826879101187682,-6.881454849475052
2024-01-29 19:30:00,30.826879101187682,-4.881454849475052
2024-01-30 04:15:00,29.826879101187682,-5.881454849475052
2024-01-30 04:45:00,28.826879101187682,-6.881454849475052
2024-01-30 05:15:00,27.826879101187682,-7.881454849475052
2024-01-30 05:45:00,26.826879101187682,-8.881454849475052
2024-01-31 04:15:00,25.826879101187682,-9.881454849475052
2024-01-31 04:45:00,24.826879101187682,-10.881454849475052
2024-01-31 05:15:00,23.826879101187682,-11.881454849475052
2024-01-31 05:45:00,22.826879101187682,-12.881454849475052
2024-01-31 06:15:00,21.826879101187682,-13.881454849475052
2024-01-31 06:45:00,20.826879101187682,-14.881454849475052
2024-01-31 08:15:00,19.826879101187682,-15.881454849475052
2024-01-31 11:00:00,21.826879101187682,-13.881454849475052
2024-02-01 11:15:00,23.826879101187757,-11.881454849474977
2024-02-02 08:15:00,22.826879101187757,-12.881454849474977
2024-02-05 00:15:00,21.826879101187757,-13.881454849474977
2024-02-05 02:30:00,23.82687910118767,-11.881454849475062
2024-02-05 05:30:00,22.82687910118767,-12.881454849475062
2024-02-05 06:00:00,21.82687910118767,-13.881454849475062
2024-02-05 07:15:00,23.82687910118767,-11.881454849475062
2024-02-05 11:15:00,22.82687910118767,-12.881454849475062
2024-02-05 12:00:00,21.82687910118767,-13.881454849475062
2024-02-06 08:15:00,20.82687910118767,-14.881454849475062
2024-02-06 08:45:00,19.82687910118767,-15.881454849475062
2024-02-06 09:15:00,18.82687910118767,-16.881454849475062
2024-02-06 09:45:00,17.82687910118767,-17.881454849475062
2024-02-06 10:15:00,16.82687910118767,-18.881454849475062
2024-02-06 10:45:00,15.826879101187671,-19.881454849475062
2024-02-06 11:30:00,14.826879101187671,-20.881454849475062
2024-02-06 13:00:00,13.826879101187671,-21.881454849475062
2024-02-06 13:45:00,15.826879101187671,-19.881454849475062
2024-02-08 00:15:00,14.826879101187671,-20.881454849475062
2024-02-08 00:45:00,13.826879101187671,-21.881454849475062
2024-02-08 01:15:00,12.826879101187671,-22.881454849475062
2024-02-08 01:45:00,11.826879101187671,-23.881454849475062
2024-02-08 02:15:00,10.826879101187671,-24.881454849475062
2024-02-08 02:45:00,9.826879101187671,-25.881454849475062
2024-02-08 10:00:00,8.826879101187671,-26.881454849475062
2024-02-08 10:30:00,10.82687910118758,-24.881454849475155
2024-02-09 08:15:00,9.82687910118758,-25.881454849475155
2024-02-09 08:45:00,8.82687910118758,-26.881454849475155
2024-02-09 09:30:00,7.826879101187579,-27.881454849475155
2024-02-09 10:00:00,6.826879101187579,-28.881454849475155
2024-02-09 10:30:00,8.82687910118758,-26.881454849475155
2024-02-12 13:15:00,7.826879101187579,-27.881454849475155
2024-02-13 13:30:00,6.826879101187579,-28.881454849475155
2024-02-15 04:15:00,5.826879101187579,-29.881454849475155
2024-02-15 04:45:00,4.826879101187579,-30.881454849475155
2024-02-15 05:15:00,3.826879101187579,-31.881454849475155
2024-02-15 05:45:00,2.826879101187579,-32.881454849475155
2024-02-15 06:15:00,1.8268791011875791,-33.881454849475155
2024-02-15 06:45:00,0.8268791011875791,-34.881454849475155
2024-02-15 07:15:00,-0.17312089881242088,-35.881454849475155
2024-02-15 07:45:00,-1.1731208988124209,-36.881454849475155
2024-02-15 08:15:00,-2.173120898812421,-37.881454849475155
2024-02-15 09:00:00,-3.173120898812421,-38.881454849475155
2024-02-15 09:30:00,-4.173120898812421,-39.881454849475155
2024-02-15 10:00:00,-5.173120898812421,-40.881454849475155
2024-02-15 10:30:00,-6.173120898812421,-41.881454849475155
2024-02-15 11:00:00,-4.173120898812421,-39.881454849475155
2024-02-16 14:15:00,-5.173120898812421,-40.881454849475155
2024-02-20 04:15:00,-6.173120898812421,-41.881454849475155
2024-02-20 06:00:00,-7.173120898812421,-42.881454849475155
2024-02-20 06:30:00,-8.17312089881242,-43.881454849475155
2024-02-20 07:00:00,-9.17312089881242,-44.881454849475155
2024-02-20 07:30:00,-10.17312089881242,-45.881454849475155
2024-02-20 08:00:00,-11.17312089881242,-46.881454849475155
2024-02-20 08:30:00,-12.17312089881242,-47.881454849475155
2024-02-20 09:00:00,-10.17312089881242,-45.881454849475155
2024-02-22 08:15:00,-11.17312089881242,-46.881454849475155
2024-02-22 08:45:00,-12.17312089881242,-47.881454849475155
2024-02-22 09:15:00,-10.17312089881231,-45.88145484947505
2024-02-22 13:45:00,-8.662470243447682,-44.37080419411042
2024-02-23 08:15:00,-9.662470243447682,-45.37080419411042
2024-02-23 09:00:00,-10.662470243447682,-46.37080419411042
2024-02-23 09:45:00,-8.662470243447581,-44.37080419411031
2024-02-23 11:15:00,-6.662470243447478,-42.370804194110214
2024-02-23 13:00:00,-7.662470243447478,-43.370804194110214
2024-02-23 13:30:00,-8.662470243447478,-44.370804194110214
2024-02-23 14:15:00,-6.662470243447478,-42.370804194110214
2024-02-26 08:15:00,-7.662470243447478,-43.370804194110214
2024-02-26 08:45:00,-8.662470243447478,-44.370804194110214
2024-02-26 09:15:00,-9.662470243447478,-45.370804194110214
2024-02-26 09:45:00,-10.662470243447478,-46.370804194110214
2024-02-26 10:30:00,-11.662470243447478,-47.370804194110214
2024-02-27 12:15:00,-9.662470243447352,-45.370804194110086
2024-02-28 09:00:00,-10.662470243447352,-46.370804194110086
2024-02-28 09:30:00,-11.662470243447352,-47.370804194110086
2024-02-28 10:00:00,-12.662470243447352,-48.370804194110086
2024-02-28 10:30:00,-13.662470243447352,-49.370804194110086
2024-02-28 11:00:00,-14.662470243447352,-50.370804194110086
2024-02-28 11:45:00,-15.662470243447352,-51.370804194110086
2024-02-28 12:15:00,-16.662470243447352,-52.370804194110086
2024-02-28 12:45:00,-14.662470243447205,-50.37080419410994
2024-02-29 11:15:00,-15.662470243447205,-51.37080419410994
2024-02-29 11:45:00,-16.662470243447203,-52.37080419410994
2024-02-29 12:15:00,-17.662470243447203,-53.37080419410994
2024-02-29 12:45:00,-18.662470243447203,-54.37080419410994
2024-03-01 08:15:00,-19.662470243447203,-55.37080419410994
2024-03-01 08:45:00,-20.662470243447203,-56.37080419410994
2024-03-01 09:15:00,-18.662470243447203,-54.37080419410994
2024-03-01 15:00:00,-16.66247024344713,-52.370804194109866
2024-03-04 04:15:00,-17.66247024344713,-53.370804194109866
2024-03-04 04:45:00,-18.66247024344713,-54.370804194109866
2024-03-04 05:15:00,-16.66247024344679,-52.370804194109525
2024-03-04 07:30:00,-17.66247024344679,-53.370804194109525
2024-03-04 08:00:00,-18.66247024344679,-54.370804194109525
2024-03-04 08:30:00,-19.66247024344679,-55.370804194109525
2024-03-04 09:00:00,-20.66247024344679,-56.370804194109525
2024-03-04 11:00:00,-21.66247024344679,-57.370804194109525
2024-03-04 11:45:00,-22.66247024344679,-58.370804194109525
2024-03-04 13:30:00,-23.66247024344679,-59.370804194109525
2024-03-04 14:00:00,-21.66247024344679,-57.370804194109525
2024-03-04 15:00:00,-22.66247024344679,-58.370804194109525
2024-03-04 15:30:00,-20.66247024344679,-56.370804194109525
2024-03-05 01:30:00,-21.66247024344679,-57.370804194109525
2024-03-05 02:00:00,-22.66247024344679,-58.370804194109525
2024-03-05 02:30:00,-23.66247024344679,-59.370804194109525
2024-03-05 03:15:00,-21.66247024344679,-57.370804194109525
2024-03-05 06:00:00,-22.66247024344679,-58.370804194109525
2024-03-05 06:30:00,-23.66247024344679,-59.370804194109525
2024-03-05 07:00:00,-24.66247024344679,-60.370804194109525
2024-03-05 07:30:00,-22.662470243446613,-58.37080419410935
2024-03-05 09:00:00,-21.520408746637386,-57.22874269730012
2024-03-06 08:15:00,-22.520408746637386,-58.22874269730012
2024-03-06 08:45:00,-20.520408746637205,-56.228742697299936
2024-03-06 12:00:00,-18.520408746637205,-54.228742697299936
2024-03-07 00:15:00,-19.520408746637205,-55.228742697299936
2024-03-07 01:30:00,-17.520408746637028,-53.228742697299765
2024-03-07 03:00:00,-15.520408746637028,-51.228742697299765
2024-03-08 03:15:00,-13.520408746636823,-49.22874269729956
2024-03-08 07:00:00,-14.520408746636823,-50.22874269729956
2024-03-08 07:30:00,-12.520408746636614,-48.228742697299346
2024-03-12 00:15:00,-13.520408746636614,-49.228742697299346
2024-03-12 00:45:00,-14.520408746636614,-50.228742697299346
2024-03-12 01:30:00,-15.520408746636614,-51.228742697299346
2024-03-12 02:15:00,-13.520408746636388,-49.228742697299126
2024-03-12 07:15:00,-14.520408746636388,-50.228742697299126
2024-03-12 08:00:00,-15.520408746636388,-51.228742697299126
2024-03-12 09:15:00,-16.520408746636388,-52.228742697299126
2024-03-12 10:00:00,-14.520408746636388,-50.228742697299126
2024-03-12 11:45:00,-15.520408746636388,-51.228742697299126
2024-03-12 13:00:00,-13.520408746636388,-49.228742697299126
2024-03-13 08:15:00,-14.520408746636388,-50.228742697299126
2024-03-13 08:45:00,-15.520408746636388,-51.228742697299126
2024-03-13 09:15:00,-16.520408746636388,-52.228742697299126
2024-03-13 10:15:00,-14.520408746636388,-50.228742697299126
2024-03-13 12:30:00,-15.520408746636388,-51.228742697299126
2024-03-13 13:00:00,-16.520408746636388,-52.228742697299126
2024-03-13 13:30:00,-14.520408746636216,-50.22874269729895
2024-03-13 14:00:00,-15.520408746636216,-51.22874269729895
2024-03-13 14:30:00,-13.520408746636335,-49.22874269729907
2024-03-14 00:30:00,-14.520408746636335,-50.22874269729907
2024-03-14 01:00:00,-15.520408746636335,-51.22874269729907
2024-03-14 01:30:00,-16.520408746636335,-52.22874269729907
2024-03-14 02:00:00,-17.520408746636335,-53.22874269729907
2024-03-14 02:30:00,-15.5204087466366,-51.22874269729933
2024-03-14 08:15:00,-16.520408746636598,-52.22874269729933
2024-03-14 08:45:00,-17.520408746636598,-53.22874269729933
2024-03-14 09:15:00,-18.520408746636598,-54.22874269729933
2024-03-14 10:00:00,-19.520408746636598,-55.22874269729933
2024-03-14 11:00:00,-17.520408746636598,-53.22874269729933
2024-03-14 12:45:00,-15.520408746636598,-51.22874269729933
2024-03-15 10:00:00,-13.520408746636763,-49.228742697299495
2024-03-18 03:15:00,-11.520408746636763,-47.228742697299495
2024-03-18 08:45:00,-9.520408746636763,-45.228742697299495
2024-03-19 00:30:00,-10.520408746636763,-46.228742697299495
2024-03-19 01:00:00,-11.520408746636763,-47.228742697299495
2024-03-19 01:30:00,-12.520408746636763,-48.228742697299495
2024-03-19 02:30:00,-13.520408746636763,-49.228742697299495
2024-03-19 03:00:00,-14.520408746636763,-50.228742697299495
2024-03-19 03:30:00,-15.520408746636763,-51.228742697299495
2024-03-19 04:00:00,-13.520408746636763,-49.228742697299495
2024-03-19 06:30:00,-14.520408746636763,-50.228742697299495
2024-03-19 07:00:00,-15.520408746636763,-51.228742697299495
2024-03-20 12:15:00,-16.52040874663676,-52.228742697299495
2024-03-20 13:00:00,-17.52040874663676,-53.228742697299495
2024-03-20 13:45:00,-15.520408746636617,-51.22874269729935
2024-03-20 14:45:00,-16.52040874663662,-52.22874269729935
2024-03-20 16:00:00,-14.520408746636619,-50.22874269729935
2024-03-20 18:30:00,-15.520408746636619,-51.22874269729935
2024-03-20 19:00:00,-13.520408746636619,-49.22874269729935
2024-03-21 07:15:00,-14.520408746636619,-50.22874269729935
2024-03-21 07:45:00,-12.520408746636619,-48.22874269729935
2024-03-21 10:15:00,-10.520408746636619,-46.22874269729935
2024-03-21 14:00:00,-8.520408746636521,-44.22874269729925
2024-03-22 00:15:00,-9.520408746636521,-45.22874269729925
2024-03-22 00:45:00,-10.520408746636521,-46.22874269729925
2024-03-22 01:30:00,-8.520408746636777,-44.22874269729951
2024-03-22 02:15:00,-6.520408746636628,-42.22874269729936
2024-03-25 00:15:00,-7.520408746636628,-43.22874269729936
2024-03-25 00:45:00,-8.520408746636628,-44.22874269729936
2024-03-25 07:30:00,-9.520408746636628,-45.22874269729936
2024-03-25 08:00:00,-10.520408746636628,-46.22874269729936
2024-03-25 09:00:00,-8.520408746636628,-44.22874269729936
2024-03-26 04:15:00,-9.520408746636628,-45.22874269729936
2024-03-26 07:45:00,-10.520408746636628,-46.22874269729936
2024-03-27 04:15:00,-11.520408746636628,-47.22874269729936
2024-03-27 05:30:00,-12.520408746636628,-48.22874269729936
2024-03-27 06:00:00,-10.520408746636628,-46.22874269729936
2024-03-28 00:15:00,-8.520408746636418,-44.228742697299154
2024-03-28 07:45:00,-9.520408746636418,-45.228742697299154
2024-03-28 08:30:00,-7.5204087466365666,-43.2287426972993
2024-03-28 14:00:00,-5.5204087466365666,-41.2287426972993
2024-03-28 17:00:00,-3.5204087466365666,-39.2287426972993
2024-04-01 17:00:00,-1.5204087466365666,-37.2287426972993
2024-04-02 01:15:00,0.47959125336343345,-35.2287426972993
2024-04-02 05:00:00,-0.5204087466365666,-36.2287426972993
2024-04-02 05:45:00,1.4795912533634334,-34.2287426972993
2024-04-02 12:15:00,0.47959125336343345,-35.2287426972993
2024-04-02 13:00:00,2.479591253363524,-33.22874269729921
2024-04-02 15:30:00,4.479591253363582,-31.228742697299154
2024-04-03 08:15:00,3.4795912533635818,-32.228742697299154
2024-04-03 12:45:00,5.479591253363478,-30.228742697299257
2024-04-03 14:30:00,7.479591253363478,-28.228742697299257
2024-04-03 16:00:00,6.479591253363478,-29.228742697299257
2024-04-04 04:15:00,8.479591253363477,-27.228742697299257
2024-04-04 08:45:00,7.479591253363477,-28.228742697299257
2024-04-04 10:30:00,9.479591253363619,-26.228742697299115
2024-04-05 01:15:00,8.479591253363619,-27.228742697299115
2024-04-05 01:45:00,7.479591253363619,-28.228742697299115
2024-04-05 02:15:00,9.479591253363619,-26.228742697299115
2024-04-05 07:30:00,11.479591253363743,-24.22874269729899
2024-04-05 12:15:00,10.479591253363743,-25.22874269729899
2024-04-05 13:00:00,12.479591253363662,-23.228742697299072
2024-04-08 00:15:00,11.479591253363662,-24.228742697299072
2024-04-08 16:00:00,13.479591253363727,-22.228742697299005
2024-04-09 00:15:00,12.479591253363727,-23.228742697299005
2024-04-09 00:45:00,11.479591253363727,-24.228742697299005
2024-04-09 01:30:00,10.479591253363727,-25.228742697299005
2024-04-09 02:15:00,12.479591253363727,-23.228742697299005
2024-04-10 05:15:00,14.479591253363727,-21.228742697299005
2024-04-10 09:45:00,16.47959125336385,-19.228742697298884
2024-04-11 00:15:00,18.47959125336385,-17.228742697298884
2024-04-11 08:15:00,17.47959125336385,-18.228742697298884
2024-04-11 09:00:00,19.47959125336385,-16.228742697298884
2024-04-11 11:30:00,18.47959125336385,-17.228742697298884
2024-04-11 12:45:00,17.47959125336385,-18.228742697298884
2024-04-11 14:45:00,19.47959125336385,-16.228742697298884
2024-04-11 17:15:00,21.47959125336385,-14.228742697298884
2024-04-12 16:15:00,23.479591253363886,-12.228742697298848
2024-04-15 14:15:00,25.479591253363836,-10.228742697298898
2024-04-15 15:15:00,27.479591253363793,-8.22874269729894
2024-04-17 01:15:00,26.479591253363793,-9.22874269729894
2024-04-17 02:45:00,28.47959125336394,-7.228742697298795
2024-04-17 14:15:00,27.47959125336394,-8.228742697298795
2024-04-17 15:00:00,29.47959125336394,-6.228742697298795
2024-04-18 00:30:00,28.47959125336394,-7.228742697298795
2024-04-18 02:00:00,30.479591253364084,-5.2287426972986495
2024-04-18 07:15:00,29.479591253364084,-6.2287426972986495
2024-04-18 07:45:00,31.479591253364084,-4.2287426972986495
2024-04-18 11:15:00,33.479591253364084,-2.2287426972986495
2024-04-22 00:15:00,35.479591253364084,-0.2287426972986495
2024-04-22 02:45:00,37.47959125336396,0.0
2024-04-22 03:30:00,36.47959125336396,-1.0
2024-04-22 04:00:00,35.47959125336396,-2.0
2024-04-22 04:45:00,37.47959125336396,0.0
2024-04-22 07:00:00,36.47959125336396,-1.0
2024-04-22 08:00:00,38.47959125336387,0.0
2024-04-22 11:30:00,37.47959125336387,-1.0
2024-04-22 12:00:00,36.47959125336387,-2.0
2024-04-22 12:30:00,38.47959125336387,0.0
2024-04-23 00:15:00,40.47959125336387,0.0
2024-04-24 04:15:00,39.47959125336387,-1.0
2024-04-24 06:00:00,38.47959125336387,-2.0
2024-04-24 06:30:00,40.47959125336374,-1.2789769243681803e-13
2024-04-25 04:15:00,42.47959125336385,0.0
2024-04-26 00:15:00,41.47959125336385,-1.0
2024-04-26 00:45:00,40.47959125336385,-2.0
2024-04-26 01:30:00,42.479591253364084,0.0
2024-04-26 02:30:00,41.479591253364084,-1.0
2024-04-26 03:00:00,43.47959125336424,0.0
2024-04-29 09:00:00,42.47959125336424,-1.0
2024-04-29 10:15:00,41.47959125336424,-2.0
2024-04-30 00:15:00,40.47959125336424,-3.0
2024-04-30 01:00:00,39.47959125336424,-4.0
2024-04-30 01:30:00,41.47959125336404,-2.000000000000199
2024-04-30 03:00:00,43.47959125336419,-4.973799150320701e-14
2024-04-30 06:00:00,45.47959125336419,0.0
2024-04-30 08:00:00,47.47959125336419,0.0
2024-04-30 12:45:00,46.47959125336419,-1.0
2024-04-30 14:00:00,48.47959125336419,0.0
2024-05-01 04:15:00,50.47959125336419,0.0
2024-05-01 07:15:00,49.47959125336419,-1.0
2024-05-01 08:00:00,48.47959125336419,-2.0
2024-05-01 08:45:00,50.47959125336436,0.0
2024-05-01 10:15:00,52.47959125336436,0.0
2024-05-01 13:15:00,54.47959125336448,0.0
2024-05-02 00:15:00,56.479591253364376,0.0
2024-05-02 05:45:00,55.479591253364376,-1.0
2024-05-02 06:45:00,57.47959125336423,0.0
2024-05-02 08:30:00,58.0646416244102,0.0
2024-05-06 00:15:00,57.0646416244102,-1.0
2024-05-06 00:45:00,59.0646416244102,0.0
2024-05-06 01:30:00,61.0646416244102,0.0
2024-05-06 07:45:00,60.0646416244102,-1.0
2024-05-06 08:30:00,59.0646416244102,-2.0
2024-05-06 09:00:00,58.0646416244102,-3.0
2024-05-06 09:45:00,57.0646416244102,-4.0
2024-05-06 12:15:00,59.064641624410335,-1.999999999999865
2024-05-07 00:30:00,58.064641624410335,-2.999999999999865
2024-05-07 04:15:00,60.0646416244102,-1.0
2024-05-08 04:15:00,59.0646416244102,-2.0
2024-05-08 06:00:00,61.06464162441037,0.0
2024-05-09 00:15:00,63.06464162441037,0.0
2024-05-09 03:45:00,65.06464162441037,0.0
2024-05-09 08:15:00,64.06464162441037,-1.0
2024-05-09 09:15:00,63.06464162441037,-2.0
2024-05-09 10:00:00,65.06464162441037,0.0
2024-05-09 12:15:00,67.06464162441037,0.0
2024-05-09 13:15:00,69.06464162441046,0.0
2024-05-09 17:00:00,71.06464162441053,0.0
2024-05-10 00:30:00,70.06464162441053,-1.0
2024-05-10 01:00:00,72.06464162441075,0.0
2024-05-10 01:45:00,71.06464162441075,-1.0
2024-05-10 02:15:00,70.06464162441075,-2.0
2024-05-10 02:45:00,72.06464162441063,-1.2789769243681803e-13
2024-05-13 00:15:00,71.06464162441063,-1.000000000000128
2024-05-13 00:45:00,73.06464162441084,0.0
2024-05-13 01:45:00,72.06464162441084,-1.0
2024-05-13 02:15:00,74.064641624411,0.0
2024-05-13 05:45:00,73.064641624411,-1.0
2024-05-13 06:30:00,75.06464162441118,0.0
2024-05-13 12:15:00,74.06464162441118,-1.0
2024-05-13 12:45:00,73.06464162441118,-2.0
2024-05-14 00:45:00,72.06464162441118,-3.0
2024-05-14 07:30:00,74.06464162441118,-1.0
2024-05-15 00:15:00,73.06464162441118,-2.0
2024-05-15 01:00:00,72.06464162441118,-3.0
2024-05-15 01:30:00,71.06464162441118,-4.0
2024-05-15 02:00:00,70.06464162441118,-5.0
2024-05-15 02:30:00,69.06464162441118,-6.0
2024-05-15 05:15:00,68.06464162441118,-7.0
2024-05-15 05:45:00,70.06464162441141,-4.999999999999773
2024-05-15 07:30:00,69.06464162441141,-5.999999999999773
2024-05-15 08:00:00,71.06464162441141,-3.9999999999997726
2024-05-15 12:15:00,70.06464162441141,-4.999999999999773
2024-05-15 14:00:00,72.06464162441141,-2.9999999999997726
2024-05-16 07:30:00,71.06464162441141,-3.9999999999997726
2024-05-16 08:00:00,70.06464162441141,-4.999999999999773
2024-05-16 08:30:00,72.06464162441141,-2.9999999999997726
2024-05-17 04:15:00,74.06464162441124,-0.9999999999999432
2024-05-17 07:30:00,73.06464162441124,-1.9999999999999432
2024-05-17 08:00:00,72.06464162441124,-2.999999999999943
2024-05-17 08:30:00,71.06464162441124,-3.999999999999943
2024-05-17 09:00:00,70.06464162441124,-4.999999999999943
2024-05-17 09:45:00,69.06464162441124,-5.999999999999943
2024-05-17 10:15:00,71.06464162441124,-3.999999999999943
2024-05-20 08:15:00,70.06464162441124,-4.999999999999943
2024-05-20 09:30:00,72.06464162441124,-2.999999999999943
2024-05-21 00:30:00,71.06464162441124,-3.999999999999943
2024-05-21 01:15:00,70.06464162441124,-4.999999999999943
2024-05-21 01:45:00,72.06464162441124,-2.999999999999943
2024-05-22 02:15:00,74.06464162441105,-1.000000000000128
2024-05-22 07:15:00,76.06464162441105,0.0
2024-05-22 12:00:00,75.06464162441105,-1.0
2024-05-22 12:30:00,77.06464162441105,0.0
2024-05-23 00:15:00,79.06464162441105,0.0
2024-05-23 01:30:00,78.06464162441105,-1.0
2024-05-23 02:15:00,80.06464162441105,0.0
2024-05-23 06:15:00,79.06464162441105,-1.0
2024-05-23 06:45:00,78.06464162441105,-2.0
2024-05-23 11:30:00,80.06464162441118,0.0
2024-05-27 00:15:00,79.06464162441118,-1.0
2024-05-27 01:00:00,81.06464162441118,0.0
2024-05-27 07:15:00,80.06464162441118,-1.0
2024-05-27 08:00:00,82.06464162441118,0.0
2024-05-27 09:00:00,84.06464162441118,0.0
2024-05-28 07:15:00,83.06464162441118,-1.0
2024-05-28 08:30:00,85.06464162441118,0.0
2024-05-28 12:30:00,84.06464162441118,-1.0
2024-05-29 04:15:00,83.06464162441118,-2.0
2024-05-29 06:00:00,85.06464162441118,0.0
2024-05-29 08:30:00,87.06464162441131,0.0
2024-05-30 08:15:00,89.06464162441121,0.0
2024-05-31 13:15:00,91.06464162441134,0.0
2024-06-03 06:15:00,90.06464162441134,-1.0
2024-06-03 06:45:00,92.06464162441134,0.0
2024-06-03 07:45:00,94.06464162441144,0.0
2024-06-03 13:30:00,93.06464162441144,-1.0
2024-06-03 14:15:00,95.06464162441144,0.0
2024-06-04 00:30:00,94.06464162441144,-1.0
2024-06-04 01:00:00,93.06464162441144,-2.0
2024-06-04 04:15:00,92.06464162441144,-3.0
2024-06-04 05:15:00,91.06464162441144,-4.0
2024-06-04 06:30:00,93.06464162441125,-2.0000000000001847
2024-06-04 07:30:00,95.0646416244111,-3.410605131648481e-13
2024-06-04 08:30:00,97.0646416244111,0.0
2024-06-04 10:15:00,96.0646416244111,-1.0
2024-06-05 00:15:00,95.0646416244111,-2.0
2024-06-05 00:45:00,94.0646416244111,-3.0
2024-06-05 01:15:00,93.0646416244111,-4.0
2024-06-05 01:45:00,92.0646416244111,-5.0
2024-06-05 02:15:00,91.0646416244111,-6.0
2024-06-05 03:00:00,93.0646416244113,-3.999999999999801
2024-06-05 07:15:00,92.0646416244113,-4.999999999999801
2024-06-05 07:45:00,94.0646416244113,-2.999999999999801
2024-06-05 13:15:00,93.0646416244113,-3.999999999999801
2024-06-05 14:15:00,95.0646416244113,-1.999999999999801
2024-06-06 00:15:00,94.0646416244113,-2.999999999999801
2024-06-06 00:45:00,93.0646416244113,-3.999999999999801
2024-06-06 12:15:00,95.06464162441146,-1.9999999999996305
2024-06-06 13:00:00,94.06464162441146,-2.9999999999996305
2024-06-06 13:30:00,96.06464162441146,-0.9999999999996305
2024-06-07 04:15:00,95.06464162441146,-1.9999999999996305
2024-06-07 05:00:00,97.06464162441146,0.0
2024-06-07 06:15:00,99.06464162441137,0.0
2024-06-07 08:30:00,101.0646416244113,0.0
2024-06-07 09:45:00,103.0646416244113,0.0
2024-06-07 13:00:00,102.0646416244113,-1.0
2024-06-07 13:30:00,104.06464162441135,0.0
2024-06-07 14:15:00,106.06464162441135,0.0
2024-06-10 07:15:00,108.06464162441146,0.0
2024-06-10 11:30:00,110.06464162441146,0.0
2024-06-11 06:15:00,112.06464162441146,0.0
2024-06-11 08:45:00,111.06464162441146,-1.0
2024-06-11 09:30:00,113.06464162441132,0.0
2024-06-12 07:15:00,112.06464162441132,-1.0
2024-06-12 07:45:00,111.06464162441132,-2.0
2024-06-12 09:00:00,113.0646416244115,0.0
2024-06-12 16:30:00,115.0646416244115,0.0
2024-06-13 08:15:00,114.0646416244115,-1.0
2024-06-13 09:30:00,113.0646416244115,-2.0
2024-06-13 10:30:00,115.0646416244115,0.0
2024-06-13 12:00:00,114.0646416244115,-1.0
2024-06-13 12:45:00,113.0646416244115,-2.0
2024-06-13 13:15:00,112.0646416244115,-3.0
2024-06-14 00:15:00,111.0646416244115,-4.0
2024-06-14 00:45:00,110.0646416244115,-5.0
2024-06-14 01:30:00,112.0646416244115,-3.0
2024-06-14 03:30:00,111.0646416244115,-4.0
2024-06-14 04:00:00,110.0646416244115,-5.0
2024-06-14 04:30:00,112.0646416244115,-3.0
2024-06-14 06:00:00,111.0646416244115,-4.0
2024-06-14 06:30:00,110.0646416244115,-5.0
2024-06-14 07:45:00,112.06464162441164,-2.999999999999858
2024-06-14 08:30:00,111.06464162441164,-3.999999999999858
2024-06-14 09:15:00,113.06464162441164,-1.999999999999858
2024-06-17 00:30:00,112.06464162441164,-2.999999999999858
2024-06-17 01:00:00,111.06464162441164,-3.999999999999858
2024-06-17 01:45:00,110.06464162441164,-4.999999999999858
2024-06-17 02:15:00,109.06464162441164,-5.999999999999858
2024-06-17 04:00:00,108.06464162441164,-6.999999999999858
2024-06-17 05:00:00,110.06464162441164,-4.999999999999858
2024-06-18 11:15:00,112.06464162441164,-2.999999999999858
2024-06-19 04:00:00,114.06464162441164,-0.9999999999998579
2024-06-19 04:30:00,113.06464162441164,-1.999999999999858
2024-06-19 05:30:00,112.06464162441164,-2.999999999999858
2024-06-20 00:00:00,111.06464162441164,-3.999999999999858
2024-06-20 00:30:00,110.06464162441164,-4.999999999999858
2024-06-20 01:00:00,112.06464162441195,-2.9999999999995453
2024-06-20 01:30:00,114.06464162441195,-0.9999999999995453
2024-06-20 02:00:00,113.06464162441195,-1.9999999999995453
2024-06-20 03:00:00,115.0646416244121,0.0
2024-06-20 08:15:00,114.0646416244121,-1.0
2024-06-20 09:30:00,116.0646416244121,0.0
2024-06-20 12:00:00,115.0646416244121,-1.0
2024-06-20 12:30:00,114.0646416244121,-2.0
2024-06-20 13:00:00,116.06464162441199,-1.1368683772161603e-13
2024-06-21 08:15:00,115.06464162441199,-1.0000000000001137
2024-06-21 08:45:00,114.06464162441199,-2.0000000000001137
2024-06-21 12:00:00,113.06464162441199,-3.0000000000001137
2024-06-21 12:30:00,115.06464162441215,-0.9999999999999574
2024-06-21 13:45:00,117.06464162441215,0.0
2024-06-21 14:15:00,119.06464162441222,0.0
2024-06-24 00:30:00,121.06464162441222,0.0
2024-06-24 09:00:00,120.06464162441222,-1.0
2024-06-25 09:45:00,119.06464162441222,-2.0
2024-06-25 10:30:00,121.06464162441222,0.0
2024-06-25 12:00:00,123.06464162441236,0.0
2024-06-26 07:15:00,122.06464162441236,-1.0
2024-06-26 07:45:00,121.06464162441236,-2.0
2024-06-26 08:45:00,123.06464162441225,-1.1368683772161603e-13
2024-06-26 12:15:00,125.06464162441225,0.0
2024-06-27 06:00:00,124.06464162441225,-1.0
2024-06-27 06:30:00,123.06464162441225,-2.0
2024-06-27 07:00:00,125.06464162441243,0.0
2024-06-27 09:15:00,127.06464162441257,0.0
2024-06-27 12:30:00,129.0646416244127,0.0
2024-07-01 07:15:00,128.0646416244127,-1.0
2024-07-01 07:45:00,127.0646416244127,-2.0
2024-07-01 08:15:00,129.06464162441284,0.0
2024-07-02 00:30:00,128.06464162441284,-1.0
2024-07-02 01:00:00,127.06464162441284,-2.0
2024-07-02 01:30:00,126.06464162441284,-3.0
2024-07-02 02:00:00,128.06464162441313,-0.9999999999997158
2024-07-03 01:30:00,127.06464162441313,-1.9999999999997158
2024-07-03 02:00:00,126.06464162441313,-2.999999999999716
2024-07-03 02:45:00,125.06464162441313,-3.999999999999716
2024-07-03 03:15:00,127.06464162441313,-1.9999999999997158
2024-07-03 05:15:00,126.06464162441313,-2.999999999999716
2024-07-03 06:00:00,128.06464162441313,-0.9999999999997158
2024-07-03 07:15:00,127.06464162441313,-1.9999999999997158
2024-07-03 08:00:00,126.06464162441313,-2.999999999999716
2024-07-03 09:15:00,125.06464162441313,-3.999999999999716
2024-07-03 09:45:00,127.06464162441313,-1.9999999999997158
2024-07-03 13:00:00,129.06464162441313,0.0
2024-07-05 00:15:00,128.06464162441313,-1.0
2024-07-05 00:45:00,127.06464162441313,-2.0
2024-07-05 01:15:00,126.06464162441313,-3.0
2024-07-05 01:45:00,125.06464162441313,-4.0
2024-07-05 12:15:00,124.06464162441313,-5.0
2024-07-05 13:00:00,126.06464162441313,-3.0
2024-07-08 00:15:00,125.06464162441313,-4.0
2024-07-08 00:45:00,124.06464162441313,-5.0
2024-07-08 01:30:00,126.06464162441313,-3.0
2024-07-08 03:15:00,125.06464162441313,-4.0
2024-07-08 05:00:00,124.06464162441313,-5.0
2024-07-08 05:45:00,126.06464162441331,-2.9999999999998153
2024-07-08 07:15:00,128.06464162441316,-0.9999999999999716
2024-07-08 12:15:00,127.06464162441316,-1.9999999999999716
2024-07-08 12:45:00,126.06464162441316,-2.9999999999999716
2024-07-08 13:15:00,125.06464162441316,-3.9999999999999716
2024-07-08 14:30:00,127.06464162441304,-2.0000000000000853
2024-07-10 04:15:00,126.06464162441304,-3.0000000000000853
2024-07-10 04:45:00,128.06464162441304,-1.0000000000000853
2024-07-10 07:45:00,127.06464162441304,-2.0000000000000853
2024-07-10 08:15:00,126.06464162441304,-3.0000000000000853
2024-07-10 09:30:00,128.06464162441324,-0.9999999999998863
2024-07-11 04:00:00,130.06464162441299,0.0
2024-07-11 08:30:00,129.06464162441299,-1.0
2024-07-12 04:15:00,128.06464162441299,-2.0
2024-07-15 07:15:00,130.06464162441316,0.0
2024-07-15 09:00:00,129.06464162441316,-1.0
2024-07-15 09:45:00,131.0646416244133,0.0
2024-07-15 11:30:00,130.0646416244133,-1.0
2024-07-15 12:45:00,132.0646416244134,0.0
2024-07-16 01:30:00,131.0646416244134,-1.0
2024-07-16 02:00:00,130.0646416244134,-2.0
2024-07-16 02:30:00,129.0646416244134,-3.0
2024-07-16 03:00:00,128.0646416244134,-4.0
2024-07-16 03:45:00,127.06464162441341,-5.0
2024-07-16 04:45:00,129.06464162441327,-3.000000000000142
2024-07-16 07:30:00,131.06464162441313,-1.0000000000002842
2024-07-16 12:15:00,130.06464162441313,-2.000000000000284
2024-07-16 13:00:00,132.06464162441313,-2.8421709430404007e-13
2024-07-16 14:00:00,134.06464162441313,0.0
2024-07-18 15:15:00,136.0646416244132,0.0
2024-07-18 17:30:00,135.0646416244132,-1.0
2024-07-18 18:15:00,137.0646416244131,0.0
2024-07-19 00:30:00,136.0646416244131,-1.0
2024-07-19 01:00:00,138.06464162441296,0.0
2024-07-19 01:30:00,137.06464162441296,-1.0
2024-07-19 02:00:00,139.06464162441304,0.0
2024-07-19 06:30:00,138.06464162441304,-1.0
2024-07-19 07:15:00,140.06464162441313,0.0
2024-08-12 14:30:00,142.06464162441324,0.0
2024-08-12 15:30:00,144.06464162441324,0.0
2024-08-13 00:30:00,146.06464162441324,0.0
2024-08-19 08:15:00,145.06464162441324,-1.0
2024-08-26 08:15:00,144.06464162441324,-2.0
2024-08-26 10:45:00,143.06464162441324,-3.0
2024-08-26 12:15:00,145.0646416244131,-1.000000000000142
2024-08-27 00:00:00,147.06464162441293,0.0
2024-08-28 00:15:00,146.06464162441293,-1.0
2024-08-28 01:00:00,148.06464162441293,0.0
2024-08-28 02:00:00,150.06464162441276,0.0
2024-08-28 07:15:00,152.0646416244129,0.0
2024-08-29 00:15:00,154.0646416244131,0.0
2024-08-30 08:15:00,153.0646416244131,-1.0
2024-08-30 09:00:00,152.0646416244131,-2.0
2024-08-30 09:30:00,154.0646416244132,0.0
2024-08-30 13:30:00,153.0646416244132,-1.0
2024-08-30 14:00:00,155.06464162441313,0.0
2024-09-02 00:15:00,154.06464162441313,-1.0
2024-09-02 01:15:00,153.06464162441313,-2.0
2024-09-03 08:15:00,152.06464162441313,-3.0
2024-09-03 09:00:00,154.06464162441299,-1.000000000000142
2024-09-03 10:45:00,153.06464162441299,-2.000000000000142
2024-09-03 11:15:00,152.06464162441299,-3.000000000000142
2024-09-04 09:15:00,154.0646416244129,-1.0000000000002274
2024-09-05 04:15:00,156.0646416244131,0.0
2024-09-05 06:15:00,155.0646416244131,-1.0
2024-09-05 07:00:00,157.0646416244131,0.0
2024-09-06 12:45:00,159.06464162441318,0.0
2024-09-09 07:15:00,161.06464162441307,0.0
2024-09-10 08:15:00,163.06464162441324,0.0
2024-09-10 10:45:00,165.06464162441338,0.0
2024-09-11 07:15:00,164.06464162441338,-1.0
2024-09-11 07:45:00,163.06464162441338,-2.0
2024-09-11 09:00:00,165.06464162441338,0.0
2024-09-12 00:30:00,167.06464162441372,0.0
2024-09-12 02:00:00,166.06464162441372,-1.0
2024-09-12 02:30:00,165.06464162441372,-2.0
2024-09-12 03:00:00,167.06464162441372,0.0
2024-09-12 08:15:00,166.06464162441372,-1.0
2024-09-12 11:15:00,168.06464162441387,0.0
2024-09-12 12:45:00,167.06464162441387,-1.0
2024-09-13 00:15:00,169.06464162441364,0.0
2024-09-13 01:30:00,168.06464162441364,-1.0
2024-09-13 10:15:00,167.06464162441364,-2.0
2024-09-13 12:00:00,169.06464162441364,0.0
2024-09-17 07:15:00,171.0646416244135,0.0
2024-09-17 12:15:00,173.06464162441338,0.0
2024-09-17 13:00:00,172.06464162441338,-1.0
2024-09-18 12:15:00,171.06464162441338,-2.0
2024-09-18 18:15:00,170.06464162441338,-3.0
2024-09-18 18:45:00,169.06464162441338,-4.0
2024-09-19 01:15:00,168.06464162441338,-5.0
2024-09-19 02:00:00,170.06464162441324,-3.000000000000142
2024-09-19 03:00:00,169.06464162441324,-4.000000000000142
2024-09-19 04:45:00,171.06464162441335,-2.0000000000000284
2024-09-19 06:00:00,173.06464162441335,-2.842170943040401e-14
2024-09-20 00:15:00,172.06464162441335,-1.0000000000000284
2024-09-20 01:45:00,171.06464162441335,-2.0000000000000284
2024-09-20 02:15:00,170.06464162441335,-3.0000000000000284
2024-09-20 02:45:00,172.06464162441355,-0.9999999999998295
2024-09-20 06:30:00,171.06464162441355,-1.9999999999998295
2024-09-20 07:00:00,170.06464162441355,-2.9999999999998295
2024-09-23 00:15:00,169.06464162441355,-3.9999999999998295
2024-09-23 01:15:00,168.06464162441355,-4.9999999999998295
2024-09-23 08:15:00,170.06464162441367,-2.999999999999716
2024-09-24 00:30:00,169.06464162441367,-3.999999999999716
2024-09-24 01:00:00,168.06464162441367,-4.999999999999716
2024-09-24 01:30:00,167.06464162441367,-5.999999999999716
2024-09-24 02:30:00,169.06464162441387,-3.999999999999517
2024-09-24 04:00:00,168.06464162441387,-4.999999999999517
2024-09-24 12:15:00,170.06464162441398,-2.999999999999403
2024-09-24 13:30:00,172.06464162441398,-0.9999999999994031
2024-09-24 15:45:00,174.06464162441407,0.0
2024-09-26 00:15:00,176.06464162441407,0.0
2024-09-26 02:15:00,175.06464162441407,-1.0
2024-09-26 03:15:00,177.0646416244142,0.0
2024-09-26 09:30:00,176.0646416244142,-1.0
2024-09-27 12:15:00,175.0646416244142,-2.0
2024-09-27 12:45:00,177.0646416244142,0.0
2024-09-30 00:45:00,179.0646416244142,0.0
2024-09-30 05:30:00,178.0646416244142,-1.0
2024-09-30 06:45:00,177.0646416244142,-2.0
2024-09-30 07:30:00,179.06464162441435,0.0
2024-09-30 08:15:00,178.06464162441435,-1.0
2024-09-30 09:00:00,180.06464162441424,0.0
2024-09-30 11:00:00,179.06464162441424,-1.0
2024-09-30 12:00:00,181.06464162441412,0.0
2024-10-01 00:15:00,180.06464162441412,-1.0
2024-10-01 00:45:00,182.06464162441412,0.0
2024-10-01 02:30:00,181.06464162441412,-1.0
2024-10-01 03:00:00,180.06464162441412,-2.0
2024-10-01 04:00:00,182.06464162441412,0.0
2024-10-01 06:15:00,181.06464162441412,-1.0
2024-10-01 07:45:00,180.06464162441412,-2.0
2024-10-01 08:45:00,182.06464162441412,0.0
2024-10-01 11:30:00,184.06464162441412,0.0
2024-10-02 00:30:00,183.06464162441412,-1.0
2024-10-02 02:15:00,182.06464162441412,-2.0
2024-10-02 03:45:00,181.06464162441412,-3.0
2024-10-03 00:30:00,183.06464162441387,-1.0000000000002558
2024-10-03 03:45:00,182.06464162441387,-2.000000000000256
2024-10-04 07:15:00,181.06464162441387,-3.000000000000256
2024-10-04 07:45:00,183.06464162441387,-1.0000000000002558
2024-10-07 10:15:00,182.06464162441387,-2.000000000000256
2024-10-07 12:15:00,184.064641624414,-1.1368683772161603e-13
2024-10-08 04:15:00,186.0646416244141,0.0
2024-10-08 12:15:00,188.0646416244141,0.0
2024-10-08 13:00:00,190.0646416244141,0.0
2024-10-10 20:30:00,192.0646416244141,0.0
2024-10-11 08:30:00,191.0646416244141,-1.0
2024-10-11 09:15:00,190.0646416244141,-2.0
2024-10-11 09:45:00,192.0646416244142,0.0
2024-10-11 12:45:00,194.0646416244141,0.0
2024-10-15 12:15:00,193.0646416244141,-1.0
2024-10-15 13:15:00,195.06464162441398,0.0
2024-10-16 00:30:00,194.06464162441398,-1.0
2024-10-16 01:00:00,196.06464162441398,0.0
2024-10-16 01:30:00,195.06464162441398,-1.0
2024-10-16 02:00:00,194.06464162441398,-2.0
2024-10-16 02:30:00,196.06464162441384,-1.4210854715202004e-13
2024-10-17 00:30:00,195.06464162441384,-1.000000000000142
2024-10-17 12:15:00,194.06464162441384,-2.000000000000142
2024-10-17 13:00:00,196.06464162441375,-2.2737367544323206e-13
2024-10-17 19:45:00,198.06464162441375,0.0
2024-10-18 01:45:00,197.06464162441375,-1.0
2024-10-18 08:15:00,199.06464162441387,0.0
2024-10-18 19:15:00,201.064641624414,0.0
2024-10-21 12:15:00,200.064641624414,-1.0
2024-10-21 12:45:00,202.0646416244139,0.0
2024-10-22 00:30:00,204.06464162441415,0.0
2024-10-22 01:45:00,203.06464162441415,-1.0
2024-10-22 02:15:00,205.06464162441395,0.0
2024-10-23 08:15:00,204.06464162441395,-1.0
2024-10-23 09:00:00,206.06464162441395,0.0
2024-10-23 11:30:00,208.0646416244141,0.0
2024-10-23 12:45:00,210.0646416244141,0.0
2024-10-23 13:45:00,209.0646416244141,-1.0
2024-10-24 00:15:00,211.0646416244141,0.0
2024-10-24 02:00:00,210.0646416244141,-1.0
2024-10-24 02:30:00,212.06464162441395,0.0
2024-10-25 08:15:00,211.06464162441395,-1.0
2024-10-25 08:45:00,210.06464162441395,-2.0
2024-10-25 09:30:00,212.06464162441395,0.0
2024-10-25 12:00:00,214.06464162441395,0.0
2024-10-28 01:15:00,216.06464162441404,0.0
2024-10-28 08:45:00,215.06464162441404,-1.0
2024-10-28 09:45:00,214.06464162441404,-2.0
2024-10-28 10:45:00,216.06464162441395,-8.526512829121202e-14
2024-10-29 00:15:00,215.06464162441395,-1.0000000000000853
2024-10-29 00:45:00,217.0646416244142,0.0
2024-10-29 10:30:00,216.0646416244142,-1.0
2024-10-29 12:15:00,215.0646416244142,-2.0
2024-10-29 12:45:00,214.0646416244142,-3.0
2024-10-29 20:15:00,216.06464162441407,-1.000000000000142
2024-10-30 02:30:00,215.06464162441407,-2.000000000000142
2024-10-30 03:00:00,214.06464162441407,-3.000000000000142
2024-10-30 03:45:00,216.06464162441407,-1.000000000000142
2024-10-31 01:15:00,215.06464162441407,-2.000000000000142
2024-10-31 03:15:00,217.06464162441407,-1.4210854715202004e-13
2024-10-31 07:15:00,216.06464162441407,-1.000000000000142
2024-10-31 08:00:00,218.06464162441392,0.0
2024-10-31 10:45:00,217.06464162441392,-1.0
2024-10-31 11:30:00,216.06464162441392,-2.0
2024-10-31 12:15:00,218.06464162441392,0.0
2024-10-31 13:15:00,220.06464162441404,0.0
2024-11-05 10:15:00,219.06464162441404,-1.0
2024-11-06 01:30:00,218.06464162441404,-2.0
2024-11-06 02:00:00,220.06464162441415,0.0
2024-11-06 03:15:00,222.06464162441415,0.0
2024-11-06 07:30:00,224.06464162441415,0.0
2024-11-06 12:15:00,226.0646416244142,0.0
2024-11-06 19:30:00,228.06464162441412,0.0
2024-11-07 08:15:00,227.06464162441412,-1.0
2024-11-07 09:00:00,229.0646416244142,0.0
2024-11-07 12:45:00,231.0646416244143,0.0
2024-11-08 00:30:00,233.0646416244144,0.0
2024-11-08 02:00:00,235.0646416244144,0.0
2024-11-08 20:15:00,237.06464162441426,0.0
2024-11-11 01:30:00,236.06464162441426,-1.0
2024-11-11 02:00:00,236.3421798073588,-0.7224618170554606
2024-11-11 08:15:00,235.3421798073588,-1.7224618170554606
2024-11-11 10:45:00,237.3421798073588,0.0
2024-11-11 11:30:00,239.3421798073588,0.0
2024-11-11 13:30:00,241.3421798073589,0.0
2024-11-11 14:00:00,243.34217980735895,0.0
2024-11-12 00:15:00,242.34217980735895,-1.0
2024-11-12 01:15:00,241.34217980735895,-2.0
2024-11-12 02:15:00,240.34217980735895,-3.0
2024-11-12 02:45:00,242.34217980735895,-1.0
2024-11-12 05:45:00,244.34217980735895,0.0
2024-11-12 07:45:00,243.34217980735895,-1.0
2024-11-12 14:15:00,244.15470674314403,-0.18747306421491317
2024-11-13 16:15:00,246.15470674314403,0.0
2024-11-13 17:45:00,246.6686461370834,0.0
2024-11-18 01:00:00,248.6686461370834,0.0
2024-11-18 07:15:00,247.6686461370834,-1.0
2024-11-18 07:45:00,249.66864613708353,0.0
2024-11-18 09:45:00,248.66864613708353,-1.0
2024-11-18 10:45:00,250.66864613708344,0.0
2024-11-18 20:15:00,249.66864613708344,-1.0
2024-11-19 00:00:00,251.6686461370833,0.0
2024-11-19 01:30:00,250.6686461370833,-1.0
2024-11-19 02:00:00,252.66864613708347,0.0
2024-11-19 08:15:00,254.66864613708333,0.0
2024-11-20 08:15:00,256.66864613708333,0.0
2024-11-20 13:30:00,255.66864613708333,-1.0
2024-11-20 14:15:00,257.66864613708333,0.0
2024-11-20 20:30:00,259.66864613708344,0.0
2024-11-21 03:15:00,261.66864613708333,0.0
2024-11-21 06:45:00,260.66864613708333,-1.0
2024-11-21 07:45:00,259.66864613708333,-2.0
2024-11-22 00:15:00,261.66864613708333,0.0
2024-11-22 01:30:00,263.66864613708333,0.0
2024-11-22 03:00:00,262.66864613708333,-1.0
2024-11-22 04:00:00,264.66864613708333,0.0
2024-11-25 00:15:00,266.66864613708333,0.0
2024-11-25 01:30:00,268.6686461370833,0.0
2024-11-25 12:15:00,267.6686461370833,-1.0
2024-11-25 14:00:00,269.6686461370833,0.0
2024-11-25 14:30:00,271.6686461370833,0.0
2024-11-25 20:15:00,273.6686461370833,0.0
2024-11-26 08:15:00,272.6686461370833,-1.0
2024-11-26 08:45:00,274.66864613708316,0.0
2024-11-26 10:00:00,273.66864613708316,-1.0
2024-11-27 00:15:00,272.66864613708316,-2.0
2024-11-27 00:45:00,274.668646137083,-1.7053025658242404e-13
2024-11-28 02:15:00,276.668646137083,0.0
2024-11-28 07:30:00,278.6686461370829,0.0
2024-11-29 01:45:00,277.6686461370829,-1.0
2024-12-05 12:15:00,276.6686461370829,-2.0
2024-12-05 13:15:00,278.6686461370829,0.0
2024-12-05 14:00:00,280.6686461370829,0.0
2024-12-09 04:15:00,282.6686461370829,0.0
2024-12-09 09:30:00,284.66864613708276,0.0
2024-12-10 01:15:00,283.66864613708276,-1.0
2024-12-10 08:15:00,285.6686461370829,0.0
2024-12-10 11:00:00,284.6686461370829,-1.0
2024-12-10 11:30:00,286.66864613708276,0.0
2024-12-11 09:15:00,288.6686461370828,0.0
2024-12-11 14:30:00,287.6686461370828,-1.0
2024-12-12 00:00:00,289.6686461370828,0.0
2024-12-12 07:15:00,291.6686461370828,0.0
2024-12-12 10:30:00,290.6686461370828,-1.0
2024-12-12 11:00:00,292.66864613708293,0.0
2024-12-12 13:45:00,294.66864613708304,0.0
2024-12-13 04:15:00,296.66864613708316,0.0
2024-12-13 09:15:00,298.66864613708304,0.0
2024-12-13 16:15:00,299.24183284314813,0.0
2024-12-18 08:30:00,298.24183284314813,-1.0
2024-12-18 09:00:00,300.24183284314796,0.0
2024-12-18 14:45:00,302.24183284314796,0.0
2024-12-20 00:00:00,304.241832843148,0.0
2024-12-20 12:15:00,303.241832843148,-1.0
2024-12-20 13:45:00,305.24183284314813,0.0
2024-12-23 07:15:00,307.24183284314813,0.0
2024-12-23 10:30:00,309.24183284314825,0.0
2024-12-23 12:00:00,308.24183284314825,-1.0
2024-12-26 00:15:00,310.24183284314825,0.0
2024-12-26 14:00:00,312.24183284314825,0.0
2024-12-27 07:15:00,311.24183284314825,-1.0
2024-12-27 12:15:00,313.2418328431481,0.0
2024-12-30 04:15:00,315.24183284314825,0.0
2024-12-30 08:00:00,317.24183284314825,0.0
2024-12-30 12:15:00,316.24183284314825,-1.0
2024-12-30 13:15:00,315.24183284314825,-2.0
2024-12-30 13:45:00,316.42202742140455,-0.8198054217436948
2024-12-31 05:00:00,315.42202742140455,-1.8198054217436948
2024-12-31 06:00:00,317.42202742140455,0.0
2024-12-31 13:15:00,316.42202742140455,-1.0
2024-12-31 13:45:00,318.42202742140466,0.0
2024-12-31 20:15:00,320.42202742140466,0.0
2025-01-02 04:15:00,322.42202742140466,0.0
2025-01-02 12:15:00,321.42202742140466,-1.0
2025-01-02 13:45:00,323.4220274214048,0.0
2025-01-03 04:15:00,325.4220274214049,0.0
2025-01-03 10:15:00,327.422027421405,0.0
2025-01-06 00:15:00,326.422027421405,-1.0
2025-01-06 01:15:00,325.422027421405,-2.0
2025-01-06 01:45:00,324.422027421405,-3.0
2025-01-06 03:00:00,326.422027421405,-1.0
2025-01-06 11:45:00,328.4220274214051,0.0
2025-01-07 00:30:00,330.4220274214054,0.0
2025-01-07 01:30:00,329.4220274214054,-1.0
2025-01-07 02:00:00,328.4220274214054,-2.0
2025-01-07 02:30:00,330.4220274214056,0.0
2025-01-07 07:15:00,329.4220274214056,-1.0
2025-01-07 08:15:00,328.4220274214056,-2.0
2025-01-07 09:30:00,327.4220274214056,-3.0
2025-01-07 10:00:00,329.4220274214057,-0.9999999999998863
2025-01-08 04:15:00,328.4220274214057,-1.9999999999998863
2025-01-08 05:00:00,330.4220274214057,0.0
2025-01-08 12:15:00,329.4220274214057,-1.0
2025-01-08 12:45:00,331.4220274214055,0.0
2025-01-09 01:15:00,330.4220274214055,-1.0
2025-01-09 02:45:00,329.4220274214055,-2.0
2025-01-09 05:00:00,331.4220274214055,0.0
2025-01-09 08:15:00,333.4220274214055,0.0
2025-01-10 00:15:00,332.4220274214055,-1.0
2025-01-10 00:45:00,331.4220274214055,-2.0
2025-01-10 01:30:00,330.4220274214055,-3.0
2025-01-10 02:00:00,332.42202742140574,-0.9999999999997726
2025-01-10 06:00:00,331.42202742140574,-1.9999999999997726
2025-01-13 06:15:00,330.42202742140574,-2.9999999999997726
2025-01-13 06:45:00,332.4220274214059,-0.9999999999996021
2025-01-13 10:30:00,331.4220274214059,-1.999999999999602
2025-01-13 11:00:00,333.422027421406,0.0
2025-01-13 12:45:00,333.77191251859824,0.0
2025-01-15 01:45:00,332.77191251859824,-1.0
2025-01-15 02:15:00,331.77191251859824,-2.0
2025-01-15 02:45:00,333.77191251859807,-1.7053025658242404e-13
2025-01-15 06:15:00,332.77191251859807,-1.0000000000001705
2025-01-15 08:15:00,334.7719125185979,0.0
2025-01-16 06:15:00,333.7719125185979,-1.0
2025-01-16 06:45:00,335.77191251859773,0.0
2025-01-16 08:15:00,334.77191251859773,-1.0
2025-01-16 09:15:00,336.77191251859773,0.0
2025-01-16 12:15:00,335.77191251859773,-1.0
2025-01-16 12:45:00,337.77191251859784,0.0
2025-01-17 04:15:00,339.771912518598,0.0
2025-01-17 16:15:00,341.7719125185979,0.0
2025-01-20 00:30:00,340.7719125185979,-1.0
2025-01-20 01:30:00,342.7719125185979,0.0
2025-01-20 04:00:00,344.7719125185979,0.0
2025-01-20 23:00:00,343.7719125185979,-1.0
2025-01-21 01:15:00,345.7719125185978,0.0
2025-01-21 09:15:00,347.7719125185978,0.0
2025-01-21 13:30:00,346.7719125185978,-1.0
2025-01-21 14:15:00,348.7719125185977,0.0
2025-01-21 20:15:00,350.7719125185977,0.0
2025-01-22 01:15:00,349.7719125185977,-1.0
2025-01-22 01:45:00,348.7719125185977,-2.0
2025-01-22 03:00:00,350.7719125185977,0.0
2025-01-24 00:15:00,352.7719125185977,0.0
2025-01-27 01:00:00,351.7719125185977,-1.0
2025-01-27 01:30:00,353.77191251859784,0.0
2025-01-27 10:30:00,352.77191251859784,-1.0
2025-01-27 12:15:00,354.77191251859796,0.0
2025-01-27 14:00:00,356.77191251859784,0.0
2025-01-28 00:00:00,358.0250365199873,0.0
2025-01-28 08:15:00,357.0250365199873,-1.0
2025-01-28 08:45:00,359.0250365199873,0.0
2025-01-28 10:00:00,358.0250365199873,-1.0
2025-01-28 11:15:00,360.0250365199873,0.0
2025-01-28 14:45:00,359.0250365199873,-1.0
2025-01-29 08:15:00,358.0250365199873,-2.0
2025-01-29 08:45:00,360.0250365199871,-1.7053025658242404e-13
2025-01-30 01:15:00,359.0250365199871,-1.0000000000001705
2025-01-30 01:45:00,358.0250365199871,-2.0000000000001705
2025-01-30 06:00:00,360.0250365199871,-1.7053025658242404e-13
2025-01-30 07:15:00,362.0250365199873,0.0
2025-01-30 08:45:00,364.0250365199873,0.0
2025-01-30 11:00:00,366.0250365199873,0.0
2025-01-31 08:15:00,365.0250365199873,-1.0
2025-01-31 08:45:00,364.0250365199873,-2.0
2025-01-31 09:15:00,363.0250365199873,-3.0
2025-01-31 10:45:00,365.0250365199873,-1.0
2025-02-03 02:15:00,367.0250365199873,0.0
2025-02-03 08:30:00,366.0250365199873,-1.0
2025-02-03 09:45:00,365.0250365199873,-2.0
2025-02-03 10:30:00,367.0250365199873,0.0
2025-02-04 00:30:00,369.0250365199873,0.0
2025-02-04 07:30:00,371.02503651998717,0.0
2025-02-04 08:45:00,373.02503651998717,0.0
2025-02-04 13:15:00,375.02503651998717,0.0
2025-02-04 19:30:00,374.02503651998717,-1.0
2025-02-05 02:00:00,376.0250365199873,0.0
2025-02-05 02:30:00,378.0250365199873,0.0
2025-02-05 06:45:00,377.0250365199873,-1.0
2025-02-05 07:30:00,379.0250365199873,0.0
2025-02-06 04:15:00,381.0250365199874,0.0
2025-02-06 07:15:00,380.0250365199874,-1.0
2025-02-06 12:30:00,380.5391889943853,-0.48584752560208244
2025-02-10 00:15:00,382.5391889943852,0.0
2025-02-10 01:30:00,384.5391889943852,0.0
2025-02-10 05:00:00,383.5391889943852,-1.0
2025-02-10 06:15:00,385.53918899438537,0.0
2025-02-10 07:15:00,387.53918899438537,0.0
2025-02-10 09:00:00,389.53918899438537,0.0
2025-02-10 18:15:00,391.53918899438537,0.0
2025-03-24 11:15:00,393.53918899438526,0.0
2025-03-25 00:15:00,392.53918899438526,-1.0
2025-03-25 02:30:00,391.53918899438526,-2.0
2025-03-26 04:15:00,390.53918899438526,-3.0
2025-03-27 00:15:00,392.53918899438526,-1.0
2025-03-27 06:15:00,391.53918899438526,-2.0
2025-03-27 07:15:00,393.53918899438514,-1.1368683772161603e-13
2025-03-27 19:15:00,395.53918899438514,0.0
2025-03-28 02:00:00,394.53918899438514,-1.0
2025-03-28 03:00:00,396.53918899438514,0.0
2025-03-28 19:00:00,398.53918899438514,0.0
2025-03-31 01:45:00,400.53918899438514,0.0
2025-03-31 02:45:00,402.53918899438514,0.0
2025-03-31 19:00:00,404.53918899438526,0.0
2025-04-01 04:15:00,406.53918899438526,0.0
2025-04-01 12:15:00,405.53918899438526,-1.0
2025-04-01 13:30:00,404.53918899438526,-2.0
2025-04-01 14:00:00,406.5391889943852,-5.684341886080802e-14
2025-04-02 20:15:00,405.5391889943852,-1.0000000000000568
2025-04-02 20:45:00,407.5391889943852,0.0
2025-04-03 00:30:00,408.842928858691,0.0
2025-04-03 06:45:00,407.842928858691,-1.0
2025-04-03 07:15:00,406.842928858691,-2.0
2025-04-03 08:15:00,408.842928858691,0.0
2025-04-03 10:45:00,410.842928858691,0.0
2025-04-03 11:15:00,409.842928858691,-1.0
2025-04-04 00:30:00,408.842928858691,-2.0
2025-04-04 01:30:00,410.8429288586911,0.0
2025-04-04 05:15:00,409.8429288586911,-1.0
2025-04-04 06:30:00,411.8429288586911,0.0
2025-04-04 12:15:00,413.84292885869115,0.0
2025-04-04 14:00:00,415.84292885869115,0.0
2025-04-07 12:15:00,417.8429288586912,0.0
2025-04-07 14:00:00,416.8429288586912,-1.0
2025-04-07 14:30:00,417.296684499533,-0.5462443591582087
2025-04-08 12:15:00,419.29668449953306,0.0
2025-04-08 13:15:00,421.29668449953306,0.0
2025-04-09 00:30:00,420.29668449953306,-1.0
2025-04-09 01:00:00,419.29668449953306,-2.0
2025-04-09 01:30:00,421.29668449953306,0.0
2025-04-09 04:45:00,423.2966844995331,0.0
2025-04-09 06:45:00,425.2966844995331,0.0
2025-04-09 07:30:00,427.2966844995331,0.0
2025-04-09 12:00:00,426.2966844995331,-1.0
2025-04-09 12:45:00,428.29668449953306,0.0
2025-04-09 20:15:00,427.29668449953306,-1.0
2025-04-09 22:30:00,429.296684499533,0.0
2025-04-15 00:15:00,428.296684499533,-1.0
2025-04-15 00:45:00,430.2966844995331,0.0
2025-04-15 02:15:00,432.2966844995331,0.0
2025-04-15 16:15:00,434.29668449953317,0.0
2025-04-15 23:00:00,436.29668449953317,0.0
2025-04-16 00:30:00,435.29668449953317,-1.0
2025-04-16 02:00:00,437.2966844995331,0.0
2025-04-16 05:30:00,439.2966844995331,0.0
2025-04-16 11:30:00,441.29668449953306,0.0
2025-04-16 14:30:00,443.2966844995331,0.0
2025-04-17 04:15:00,442.2966844995331,-1.0
2025-06-12 08:15:00,444.2966844995331,0.0
2025-06-12 10:15:00,446.2966844995331,0.0
2025-06-12 11:30:00,445.2966844995331,-1.0
2025-06-12 12:00:00,447.29668449953306,0.0
2026-02-13 12:15:00,449.29668449953306,0.0
2026-02-16 00:15:00,448.29668449953306,-1.0
2026-02-16 01:45:00,450.2966844995331,0.0
2026-02-16 08:15:00,449.2966844995331,-1.0
2026-02-16 09:15:00,451.2966844995331,0.0
2026-02-17 00:15:00,453.2966844995332,0.0
2026-02-17 01:15:00,452.2966844995332,-1.0
2026-02-17 02:30:00,454.29668449953317,0.0
2026-02-17 12:15:00,456.29668449953317,0.0
2026-02-18 00:00:00,455.29668449953317,-1.0
2026-02-18 12:15:00,457.2966844995333,0.0
2026-02-19 00:15:00,459.29668449953334,0.0
2026-02-20 04:15:00,461.29668449953334,0.0
2026-02-20 08:00:00,463.2966844995333,0.0
2026-02-20 12:15:00,462.2966844995333,-1.0
2026-02-20 12:45:00,464.2966844995332,0.0
2026-02-20 15:15:00,466.2966844995332,0.0
2026-02-23 08:15:00,465.2966844995332,-1.0
2026-02-23 08:45:00,467.2966844995332,0.0
2026-02-23 10:45:00,469.2966844995333,0.0
2026-02-24 00:30:00,471.2966844995333,0.0
2026-02-24 07:15:00,470.2966844995333,-1.0
2026-02-24 07:45:00,469.2966844995333,-2.0
2026-02-27 08:15:00,468.2966844995333,-3.0
2026-02-27 10:30:00,470.29668449953317,-1.0000000000001137
2026-02-27 13:45:00,472.2966844995332,0.0
2026-03-02 13:15:00,471.2966844995332,-1.0
2026-03-02 13:45:00,473.2966844995332,0.0
2026-03-02 14:45:00,475.29668449953317,0.0
2026-03-05 04:15:00,477.2966844995331,0.0
2026-03-05 07:15:00,476.2966844995331,-1.0
2026-03-05 09:30:00,478.2966844995331,0.0
2026-03-05 13:45:00,480.29668449953317,0.0
2026-03-06 13:15:00,482.2966844995332,0.0
2026-03-09 14:15:00,484.29668449953317,0.0
2026-03-09 16:15:00,486.2966844995331,0.0
2026-03-12 08:15:00,485.2966844995331,-1.0
2026-03-12 10:15:00,487.2966844995331,0.0
2026-03-12 12:45:00,486.2966844995331,-1.0
2026-03-12 13:15:00,488.2966844995331,0.0
2026-03-12 13:45:00,490.29668449953306,0.0
2026-03-12 15:30:00,491.4269346193222,0.0
2026-03-13 04:30:00,493.4269346193222,0.0
2026-03-13 07:30:00,492.4269346193222,-1.0
2026-03-13 12:15:00,491.4269346193222,-2.0
2026-03-13 13:15:00,493.42693461932225,0.0
2026-03-13 14:45:00,495.42693461932225,0.0
2026-03-13 15:15:00,497.42693461932225,0.0
2026-03-13 16:30:00,496.42693461932225,-1.0
2026-03-13 18:00:00,498.4269346193223,0.0
2026-03-17 14:15:00,500.4269346193223,0.0
2026-03-18 07:15:00,502.4269346193224,0.0
2026-03-18 08:30:00,504.4269346193223,0.0
2026-03-18 11:00:00,506.42693461932225,0.0
2026-03-18 12:00:00,508.4269346193223,0.0
2026-03-18 13:00:00,509.41789373033754,0.0
2026-03-18 19:15:00,511.4178937303376,0.0
2026-03-19 01:45:00,513.4178937303376,0.0
2026-03-19 06:15:00,515.4178937303376,0.0
2026-03-19 07:00:00,514.4178937303376,-1.0
2026-03-19 07:30:00,516.4178937303376,0.0
2026-03-19 08:15:00,518.4178937303376,0.0
2026-03-20 04:15:00,520.4178937303376,0.0
2026-03-20 08:15:00,519.4178937303376,-1.0
2026-03-20 08:45:00,521.4178937303376,0.0
2026-03-20 16:15:00,523.4178937303376,0.0
2026-03-20 19:15:00,525.4178937303376,0.0
2026-03-23 00:30:00,527.4178937303376,0.0
2026-03-23 01:00:00,526.4178937303376,-1.0
2026-03-23 01:30:00,525.4178937303376,-2.0
2026-03-24 04:15:00,527.4178937303376,0.0
2026-03-24 17:15:00,526.4178937303376,-1.0
2026-03-24 18:15:00,528.4178937303376,0.0
2026-03-25 12:15:00,530.4178937303376,0.0
2026-03-25 13:15:00,529.4178937303376,-1.0
2026-03-25 15:15:00,531.4178937303376,0.0
2026-03-26 00:15:00,533.4178937303376,0.0
2026-03-26 14:30:00,535.4178937303376,0.0
2026-04-08 07:15:00,537.4178937303375,0.0
2026-04-08 10:00:00,536.4178937303375,-1.0
2026-04-08 12:15:00,538.4178937303375,0.0
2026-04-08 12:45:00,540.4178937303375,0.0
2026-04-08 15:00:00,539.4178937303375,-1.0
2026-04-08 15:45:00,541.4178937303375,0.0
2026-04-09 07:30:00,543.4178937303375,0.0
2026-04-10 14:15:00,542.4178937303375,-1.0
2026-04-10 14:45:00,544.4178937303376,0.0
2026-04-10 16:30:00,546.4178937303376,0.0
2026-04-15 04:15:00,545.4178937303376,-1.0
2026-04-16 08:15:00,544.4178937303376,-2.0
2026-04-16 11:30:00,543.4178937303376,-3.0
2026-04-16 12:30:00,542.4178937303376,-4.0
2026-04-16 13:30:00,541.4178937303376,-5.0
2026-04-17 07:15:00,540.4178937303376,-6.0
2026-04-17 08:15:00,542.4178937303376,-4.0
2026-04-17 16:15:00,544.4178937303376,-2.0
2026-04-20 08:15:00,546.4178937303377,0.0
2026-04-21 00:15:00,548.4178937303376,0.0
2026-04-21 02:00:00,550.4178937303375,0.0
2026-04-21 12:15:00,552.4178937303375,0.0
2026-04-21 13:00:00,551.4178937303375,-1.0
2026-04-21 14:00:00,553.4178937303375,0.0
2026-04-21 15:00:00,552.4178937303375,-1.0
2026-04-21 15:45:00,554.4178937303375,0.0
2026-04-23 00:30:00,553.4178937303375,-1.0
2026-04-23 01:00:00,555.4178937303374,0.0
2026-04-23 12:15:00,554.4178937303374,-1.0
2026-04-23 13:00:00,556.4178937303374,0.0
2026-04-23 17:45:00,558.4178937303373,0.0
2026-04-24 04:15:00,557.4178937303373,-1.0
2026-04-24 04:45:00,556.4178937303373,-2.0
2026-06-08 00:15:00,558.4178937303371,-1.1368683772161603e-13
2026-06-08 01:45:00,557.4178937303371,-1.0000000000001137
2026-06-09 13:15:00,556.4178937303371,-2.0000000000001137
2026-06-09 14:15:00,558.4178937303371,-1.1368683772161603e-13
2026-06-09 15:00:00,560.4178937303371,0.0
2026-06-09 17:15:00,562.000196472219,0.0
2026-06-10 00:30:00,564.0001964722192,0.0
2026-06-10 06:15:00,566.0001964722192,0.0
2026-06-10 08:15:00,565.0001964722192,-1.0
2026-06-10 09:00:00,567.0001964722192,0.0
2026-06-10 13:15:00,566.0001964722192,-1.0
2026-06-10 14:00:00,568.0001964722192,0.0
2026-06-10 15:15:00,570.0001964722192,0.0
2026-06-16 00:15:00,569.0001964722192,-1.0
2026-06-16 00:45:00,571.0001964722193,0.0
2026-06-18 04:15:00,573.0001964722193,0.0
2026-06-18 08:15:00,575.0001964722194,0.0
2026-06-18 09:30:00,577.0001964722194,0.0
