start_time,trough_time,recovery_time,max_drawdown_r
2023-03-21 08:15:00,2023-03-21 08:15:00,2023-03-21 10:00:00,-1.0
2024-04-02 15:15:00,2024-04-02 15:15:00,2024-04-02 16:00:00,-1.0
2024-04-17 14:15:00,2024-04-17 14:15:00,2024-04-17 15:00:00,-1.0
2024-05-22 14:30:00,2024-05-22 14:30:00,2024-05-23 04:15:00,-1.0
2024-05-31 14:15:00,2024-05-31 14:15:00,2024-06-05 14:15:00,-1.0
2024-06-07 13:15:00,2024-06-07 13:15:00,2024-06-07 13:45:00,-1.0
2024-08-12 14:15:00,2024-08-12 14:15:00,2024-08-12 14:45:00,-1.0
2024-08-27 15:15:00,2024-08-27 15:15:00,2024-08-30 13:15:00,-1.0
2024-09-12 13:15:00,2024-09-12 13:15:00,2024-09-20 14:15:00,-1.0
2024-09-24 15:15:00,2024-09-24 15:15:00,2024-09-24 16:30:00,-1.0
2024-10-29 14:45:00,2024-10-29 14:45:00,2024-10-29 15:45:00,-1.0
2025-01-21 13:15:00,2025-01-21 13:15:00,2025-01-21 14:15:00,-1.0
2025-02-27 13:15:00,2025-02-27 13:15:00,2025-02-27 13:45:00,-1.0
2025-03-03 13:15:00,2025-03-03 13:15:00,2025-03-03 13:45:00,-1.0
2025-04-16 13:15:00,2025-04-16 13:15:00,2025-04-16 14:00:00,-1.0
2025-05-21 13:15:00,2025-05-21 13:15:00,2025-05-21 14:15:00,-1.0
2025-06-04 13:15:00,2025-06-04 13:15:00,2025-06-05 12:15:00,-1.0
2025-07-14 13:15:00,2025-07-14 13:15:00,2025-07-15 13:15:00,-1.0
2025-07-23 14:00:00,2025-07-23 14:00:00,2025-07-23 14:30:00,-1.0
2025-09-15 13:45:00,2025-09-15 13:45:00,2025-09-15 14:15:00,-1.0
2025-10-13 05:45:00,2025-10-13 05:45:00,2025-10-13 12:45:00,-1.0
2025-10-21 06:00:00,2025-10-21 06:00:00,2025-10-21 07:00:00,-1.0
2025-11-10 01:45:00,2025-11-10 01:45:00,2025-11-10 02:30:00,-1.0
2025-11-10 09:00:00,2025-11-10 09:00:00,2025-11-10 09:45:00,-1.0
2025-11-24 04:15:00,2025-11-24 04:15:00,2025-11-24 05:00:00,-1.0
2025-12-29 07:30:00,2025-12-29 07:30:00,2025-12-29 08:45:00,-1.0
2026-02-06 06:15:00,2026-02-06 06:15:00,2026-02-06 07:15:00,-1.0
2026-02-24 02:00:00,2026-02-24 02:00:00,2026-02-24 08:15:00,-0.14862911159582382
2026-03-13 12:15:00,2026-03-13 12:15:00,2026-03-13 13:15:00,-1.0
2026-03-13 15:00:00,2026-03-13 15:00:00,2026-03-13 15:30:00,-1.0
2026-03-25 19:30:00,2026-03-25 19:30:00,2026-03-26 00:15:00,-1.0
2026-05-19 01:30:00,2026-05-19 01:30:00,2026-05-19 08:15:00,-1.0
2026-06-09 16:45:00,2026-06-09 16:45:00,2026-06-09 18:45:00,-1.0
2026-06-18 13:15:00,2026-06-18 13:15:00,2026-06-18 14:00:00,-1.0
2026-06-19 00:30:00,2026-06-19 00:30:00,2026-06-19 01:30:00,-1.0
2026-06-24 08:15:00,2026-06-24 08:15:00,2026-06-24 09:00:00,-1.0
